Time(YYYY-MM-DD H:mm:ss),Carbon dioxide(ppm)
2023-10-02 00:00:55,1165.086887835703
2023-10-02 00:01:23,1160.347551342812
2023-10-02 00:01:51,1158.7677725118483
2023-10-02 00:02:19,1153.2385466034755
2023-10-02 00:02:48,1151.6587677725117
2023-10-02 00:03:16,1139.8104265402844
2023-10-02 00:03:44,1135.860979462875
2023-10-02 00:04:13,1135.860979462875
2023-10-02 00:04:41,1099.5260663507108
2023-10-02 00:05:09,1095.5766192733017
2023-10-02 00:05:37,1084.518167456556
2023-10-02 00:06:06,1078.1990521327014
2023-10-02 00:06:34,1077.4091627172195
2023-10-02 00:07:02,1078.1990521327014
2023-10-02 00:07:30,1078.1990521327014
2023-10-02 00:07:59,1086.8878357030017
2023-10-02 00:08:27,1094.7867298578199
2023-10-02 00:08:55,1098.736176935229
2023-10-02 00:09:23,1110.5845181674565
2023-10-02 00:09:52,1112.1642969984202
2023-10-02 00:10:20,1114.5339652448656
2023-10-02 00:10:48,1114.5339652448656
2023-10-02 00:11:16,1115.3238546603475
2023-10-02 00:11:45,1116.1137440758293
2023-10-02 00:12:13,1115.3238546603475
2023-10-02 00:12:41,1106.6350710900474
2023-10-02 00:13:09,1096.3665086887836
2023-10-02 00:13:38,1092.4170616113745
2023-10-02 00:14:06,1091.6271721958926
2023-10-02 00:14:34,1090.8372827804108
2023-10-02 00:15:02,1090.047393364929
2023-10-02 00:15:31,1089.257503949447
2023-10-02 00:15:59,1087.6777251184835
2023-10-02 00:16:27,1084.518167456556
2023-10-02 00:16:55,1067.9304897314375
2023-10-02 00:17:24,1062.4012638230647
2023-10-02 00:17:52,1052.9225908372828
2023-10-02 00:18:20,1052.132701421801
2023-10-02 00:18:48,1052.132701421801
2023-10-02 00:19:17,1057.6619273301737
2023-10-02 00:19:45,1062.4012638230647
2023-10-02 00:20:13,1063.1911532385466
2023-10-02 00:20:41,1063.1911532385466
2023-10-02 00:21:10,1063.1911532385466
2023-10-02 00:21:38,1051.342812006319
2023-10-02 00:22:06,1042.654028436019
2023-10-02 00:22:34,1035.5450236966824
2023-10-02 00:23:03,1023.696682464455
2023-10-02 00:23:31,1023.696682464455
2023-10-02 00:23:59,1024.4865718799367
2023-10-02 00:24:27,1035.5450236966824
2023-10-02 00:24:56,1040.2843601895734
2023-10-02 00:25:24,1041.864139020537
2023-10-02 00:25:52,1048.9731437598737
2023-10-02 00:26:21,1063.1911532385466
2023-10-02 00:26:49,1063.1911532385466
2023-10-02 00:27:17,1063.1911532385466
2023-10-02 00:27:45,1054.5023696682465
2023-10-02 00:28:14,1053.7124802527646
2023-10-02 00:28:42,1044.2338072669827
2023-10-02 00:29:10,1040.2843601895734
2023-10-02 00:29:38,1039.4944707740917
2023-10-02 00:30:07,1039.4944707740917
2023-10-02 00:30:35,1033.175355450237
2023-10-02 00:31:03,1029.225908372828
2023-10-02 00:31:31,1015.0078988941548
2023-10-02 00:32:00,1008.6887835703002
2023-10-02 00:32:28,1002.3696682464455
2023-10-02 00:32:56,988.1516587677725
2023-10-02 00:33:24,985.781990521327
2023-10-02 00:33:53,980.2527646129541
2023-10-02 00:34:21,978.6729857819905
2023-10-02 00:34:49,978.6729857819905
2023-10-02 00:35:17,979.4628751974724
2023-10-02 00:35:46,980.2527646129541
2023-10-02 00:36:14,983.4123222748815
2023-10-02 00:36:42,988.1516587677725
2023-10-02 00:37:10,999.2101105845181
2023-10-02 00:37:39,1032.3854660347552
2023-10-02 00:38:07,1039.4944707740917
2023-10-02 00:38:35,1041.864139020537
2023-10-02 00:39:03,1048.1832543443918
2023-10-02 00:39:32,1048.9731437598737
2023-10-02 00:40:00,1050.5529225908372
2023-10-02 00:40:28,1051.342812006319
2023-10-02 00:40:56,1052.132701421801
2023-10-02 00:41:25,1052.9225908372828
2023-10-02 00:41:53,1056.8720379146919
2023-10-02 00:42:21,1060.0315955766193
2023-10-02 00:42:49,1063.1911532385466
2023-10-02 00:43:18,1067.1406003159557
2023-10-02 00:43:46,1070.3001579778831
2023-10-02 00:44:14,1071.8799368088467
2023-10-02 00:44:42,1074.2496050552922
2023-10-02 00:45:11,1076.6192733017378
2023-10-02 00:45:39,1077.4091627172195
2023-10-02 00:46:07,1077.4091627172195
2023-10-02 00:46:36,1077.4091627172195
2023-10-02 00:47:04,1076.6192733017378
2023-10-02 00:47:32,1071.8799368088467
2023-10-02 00:48:00,1071.090047393365
2023-10-02 00:48:29,1069.5102685624013
2023-10-02 00:48:57,1065.5608214849922
2023-10-02 00:49:25,1063.9810426540284
2023-10-02 00:49:53,1063.9810426540284
2023-10-02 00:50:22,1063.1911532385466
2023-10-02 00:50:50,1062.4012638230647
2023-10-02 00:51:18,1062.4012638230647
2023-10-02 00:51:46,1062.4012638230647
2023-10-02 00:52:15,1056.8720379146919
2023-10-02 00:52:43,1055.2922590837284
2023-10-02 00:53:11,1051.342812006319
2023-10-02 00:53:39,1048.1832543443918
2023-10-02 00:54:08,1043.4439178515008
2023-10-02 00:54:36,1042.654028436019
2023-10-02 00:55:04,1041.864139020537
2023-10-02 00:55:32,1041.0742496050552
2023-10-02 00:56:01,1041.0742496050552
2023-10-02 00:56:29,1041.0742496050552
2023-10-02 00:56:57,1039.4944707740917
2023-10-02 00:57:25,1032.3854660347552
2023-10-02 00:57:54,1031.5955766192733
2023-10-02 00:58:22,1022.1169036334913
2023-10-02 00:58:50,1021.3270142180095
2023-10-02 00:59:18,1010.2685624012638
2023-10-02 00:59:47,1011.0584518167457
2023-10-02 01:00:15,1011.0584518167457
2023-10-02 01:00:43,1018.1674565560821
2023-10-02 01:01:11,1019.7472353870459
2023-10-02 01:01:40,1035.5450236966824
2023-10-02 01:02:08,1035.5450236966824
2023-10-02 01:02:36,1037.914691943128
2023-10-02 01:03:04,1038.7045813586099
2023-10-02 01:03:33,1038.7045813586099
2023-10-02 01:04:01,1038.7045813586099
2023-10-02 01:04:29,1032.3854660347552
2023-10-02 01:04:57,1030.8056872037914
2023-10-02 01:05:26,1027.6461295418642
2023-10-02 01:05:54,1022.9067930489731
2023-10-02 01:06:22,1022.1169036334913
2023-10-02 01:06:50,1022.1169036334913
2023-10-02 01:07:19,1021.3270142180095
2023-10-02 01:07:47,1020.5371248025276
2023-10-02 01:08:15,1020.5371248025276
2023-10-02 01:08:44,1019.7472353870459
2023-10-02 01:09:12,1017.3775671406003
2023-10-02 01:09:40,1014.218009478673
2023-10-02 01:10:08,1014.218009478673
2023-10-02 01:10:37,1013.4281200631912
2023-10-02 01:11:05,1012.6382306477093
2023-10-02 01:11:33,1012.6382306477093
2023-10-02 01:12:01,1009.4786729857819
2023-10-02 01:12:30,1008.6887835703002
2023-10-02 01:12:58,1006.3191153238547
2023-10-02 01:13:26,993.6808846761453
2023-10-02 01:13:54,988.1516587677725
2023-10-02 01:14:23,984.2022116903634
2023-10-02 01:14:51,971.5639810426541
2023-10-02 01:15:19,970.7740916271722
2023-10-02 01:15:47,971.5639810426541
2023-10-02 01:16:16,977.8830963665087
2023-10-02 01:16:44,981.042654028436
2023-10-02 01:17:12,985.781990521327
2023-10-02 01:17:40,992.1011058451817
2023-10-02 01:18:09,1001.5797788309636
2023-10-02 01:18:37,1002.3696682464455
2023-10-02 01:19:05,1011.8483412322275
2023-10-02 01:19:33,1013.4281200631912
2023-10-02 01:20:02,1015.0078988941548
2023-10-02 01:20:30,1015.0078988941548
2023-10-02 01:20:58,1011.8483412322275
2023-10-02 01:21:26,1010.2685624012638
2023-10-02 01:21:55,1009.4786729857819
2023-10-02 01:22:23,1009.4786729857819
2023-10-02 01:22:51,1003.9494470774092
2023-10-02 01:23:19,1000.0
2023-10-02 01:23:48,998.4202211690364
2023-10-02 01:24:16,991.3112164296998
2023-10-02 01:24:44,988.1516587677725
2023-10-02 01:25:12,987.3617693522907
2023-10-02 01:25:41,987.3617693522907
2023-10-02 01:26:09,987.3617693522907
2023-10-02 01:26:37,988.9415481832543
2023-10-02 01:27:05,992.1011058451817
2023-10-02 01:27:34,993.6808846761453
2023-10-02 01:28:02,998.4202211690364
2023-10-02 01:28:30,1003.1595576619274
2023-10-02 01:28:58,1004.739336492891
2023-10-02 01:29:27,1005.5292259083728
2023-10-02 01:29:55,1006.3191153238547
2023-10-02 01:30:23,1007.1090047393365
2023-10-02 01:30:52,1007.8988941548183
2023-10-02 01:31:20,1007.8988941548183
2023-10-02 01:31:48,1007.8988941548183
2023-10-02 01:32:16,1007.8988941548183
2023-10-02 01:32:45,1007.1090047393365
2023-10-02 01:33:13,1006.3191153238547
2023-10-02 01:33:41,1005.5292259083728
2023-10-02 01:34:09,1004.739336492891
2023-10-02 01:34:38,1000.0
2023-10-02 01:35:06,999.2101105845181
2023-10-02 01:35:34,999.2101105845181
2023-10-02 01:36:02,999.2101105845181
2023-10-02 01:36:31,1000.0
2023-10-02 01:36:59,1000.7898894154819
2023-10-02 01:37:27,1001.5797788309636
2023-10-02 01:37:55,1002.3696682464455
2023-10-02 01:38:24,1001.5797788309636
2023-10-02 01:38:52,1001.5797788309636
2023-10-02 01:39:20,1001.5797788309636
2023-10-02 01:39:48,1001.5797788309636
2023-10-02 01:40:17,1001.5797788309636
2023-10-02 01:40:45,1001.5797788309636
2023-10-02 01:41:13,1000.0
2023-10-02 01:41:41,999.2101105845181
2023-10-02 01:42:10,996.0505529225908
2023-10-02 01:42:38,996.0505529225908
2023-10-02 01:43:06,996.0505529225908
2023-10-02 01:43:34,996.0505529225908
2023-10-02 01:44:03,996.0505529225908
2023-10-02 01:44:31,996.0505529225908
2023-10-02 01:44:59,996.0505529225908
2023-10-02 01:45:27,996.0505529225908
2023-10-02 01:45:56,996.0505529225908
2023-10-02 01:46:24,995.260663507109
2023-10-02 01:46:52,995.260663507109
2023-10-02 01:47:20,995.260663507109
2023-10-02 01:47:49,992.8909952606635
2023-10-02 01:48:17,992.8909952606635
2023-10-02 01:48:45,992.8909952606635
2023-10-02 01:49:13,991.3112164296998
2023-10-02 01:49:42,990.5213270142181
2023-10-02 01:50:10,989.7314375987362
2023-10-02 01:50:38,988.9415481832543
2023-10-02 01:51:06,987.3617693522907
2023-10-02 01:51:35,986.5718799368088
2023-10-02 01:52:03,986.5718799368088
2023-10-02 01:52:31,986.5718799368088
2023-10-02 01:53:00,987.3617693522907
2023-10-02 01:53:28,987.3617693522907
2023-10-02 01:53:56,987.3617693522907
2023-10-02 01:54:24,987.3617693522907
2023-10-02 01:54:53,988.1516587677725
2023-10-02 01:55:21,987.3617693522907
2023-10-02 01:55:49,986.5718799368088
2023-10-02 01:56:17,986.5718799368088
2023-10-02 01:56:46,986.5718799368088
2023-10-02 01:57:14,985.781990521327
2023-10-02 01:57:42,984.9921011058452
2023-10-02 01:58:10,984.9921011058452
2023-10-02 01:58:39,984.9921011058452
2023-10-02 01:59:07,981.042654028436
2023-10-02 01:59:35,981.042654028436
2023-10-02 02:00:03,981.042654028436
2023-10-02 02:00:32,981.042654028436
2023-10-02 02:01:00,981.042654028436
2023-10-02 02:01:28,980.2527646129541
2023-10-02 02:01:56,980.2527646129541
2023-10-02 02:02:25,980.2527646129541
2023-10-02 02:02:53,980.2527646129541
2023-10-02 02:03:21,980.2527646129541
2023-10-02 02:03:49,979.4628751974724
2023-10-02 02:04:18,978.6729857819905
2023-10-02 02:04:46,977.0932069510269
2023-10-02 02:05:14,973.9336492890995
2023-10-02 02:05:42,973.1437598736177
2023-10-02 02:06:11,973.1437598736177
2023-10-02 02:06:39,969.1943127962086
2023-10-02 02:07:07,968.4044233807267
2023-10-02 02:07:35,969.1943127962086
2023-10-02 02:08:04,969.9842022116903
2023-10-02 02:08:32,971.5639810426541
2023-10-02 02:09:00,971.5639810426541
2023-10-02 02:09:28,970.7740916271722
2023-10-02 02:09:57,970.7740916271722
2023-10-02 02:10:25,970.7740916271722
2023-10-02 02:10:53,970.7740916271722
2023-10-02 02:11:21,970.7740916271722
2023-10-02 02:11:50,970.7740916271722
2023-10-02 02:12:18,967.6145339652448
2023-10-02 02:12:46,966.824644549763
2023-10-02 02:13:15,966.824644549763
2023-10-02 02:13:43,966.824644549763
2023-10-02 02:14:11,965.2448657187994
2023-10-02 02:14:39,965.2448657187994
2023-10-02 02:15:08,965.2448657187994
2023-10-02 02:15:36,965.2448657187994
2023-10-02 02:16:04,965.2448657187994
2023-10-02 02:16:32,965.2448657187994
2023-10-02 02:17:01,965.2448657187994
2023-10-02 02:17:29,965.2448657187994
2023-10-02 02:17:57,965.2448657187994
2023-10-02 02:18:25,965.2448657187994
2023-10-02 02:18:54,966.824644549763
2023-10-02 02:19:22,966.824644549763
2023-10-02 02:19:50,966.824644549763
2023-10-02 02:20:18,966.824644549763
2023-10-02 02:20:47,967.6145339652448
2023-10-02 02:21:15,967.6145339652448
2023-10-02 02:21:43,966.824644549763
2023-10-02 02:22:11,966.824644549763
2023-10-02 02:22:40,967.6145339652448
2023-10-02 02:23:08,967.6145339652448
2023-10-02 02:23:36,967.6145339652448
2023-10-02 02:24:04,967.6145339652448
2023-10-02 02:24:33,967.6145339652448
2023-10-02 02:25:01,967.6145339652448
2023-10-02 02:25:29,966.824644549763
2023-10-02 02:25:57,966.824644549763
2023-10-02 02:26:26,967.6145339652448
2023-10-02 02:26:54,968.4044233807267
2023-10-02 02:27:22,969.1943127962086
2023-10-02 02:27:50,969.1943127962086
2023-10-02 02:28:19,969.1943127962086
2023-10-02 02:28:47,969.1943127962086
2023-10-02 02:29:15,969.1943127962086
2023-10-02 02:29:43,966.824644549763
2023-10-02 02:30:12,966.0347551342812
2023-10-02 02:30:40,965.2448657187994
2023-10-02 02:31:08,964.4549763033175
2023-10-02 02:31:36,964.4549763033175
2023-10-02 02:32:05,964.4549763033175
2023-10-02 02:32:33,964.4549763033175
2023-10-02 02:33:01,964.4549763033175
2023-10-02 02:33:29,964.4549763033175
2023-10-02 02:33:58,964.4549763033175
2023-10-02 02:34:26,964.4549763033175
2023-10-02 02:34:54,963.6650868878357
2023-10-02 02:35:23,962.8751974723539
2023-10-02 02:35:51,962.8751974723539
2023-10-02 02:36:19,962.8751974723539
2023-10-02 02:36:47,962.8751974723539
2023-10-02 02:37:16,962.085308056872
2023-10-02 02:37:44,959.7156398104265
2023-10-02 02:38:12,960.5055292259084
2023-10-02 02:38:40,961.2954186413903
2023-10-02 02:39:09,961.2954186413903
2023-10-02 02:39:37,961.2954186413903
2023-10-02 02:40:05,961.2954186413903
2023-10-02 02:40:33,962.8751974723539
2023-10-02 02:41:02,963.6650868878357
2023-10-02 02:41:30,962.8751974723539
2023-10-02 02:41:58,962.8751974723539
2023-10-02 02:42:26,962.8751974723539
2023-10-02 02:42:55,962.8751974723539
2023-10-02 02:43:23,962.085308056872
2023-10-02 02:43:51,960.5055292259084
2023-10-02 02:44:19,960.5055292259084
2023-10-02 02:44:48,960.5055292259084
2023-10-02 02:45:16,960.5055292259084
2023-10-02 02:45:44,958.9257503949447
2023-10-02 02:46:12,958.1358609794629
2023-10-02 02:46:41,958.1358609794629
2023-10-02 02:47:09,958.1358609794629
2023-10-02 02:47:37,956.5560821484992
2023-10-02 02:48:05,955.7661927330174
2023-10-02 02:48:34,955.7661927330174
2023-10-02 02:49:02,955.7661927330174
2023-10-02 02:49:30,954.9763033175356
2023-10-02 02:49:58,951.0268562401263
2023-10-02 02:50:27,947.8672985781991
2023-10-02 02:50:55,946.2875197472354
2023-10-02 02:51:23,945.4976303317535
2023-10-02 02:51:51,944.7077409162717
2023-10-02 02:52:20,943.9178515007899
2023-10-02 02:52:48,943.9178515007899
2023-10-02 02:53:16,943.9178515007899
2023-10-02 02:53:44,943.9178515007899
2023-10-02 02:54:13,943.9178515007899
2023-10-02 02:54:41,943.127962085308
2023-10-02 02:55:09,943.127962085308
2023-10-02 02:55:37,943.127962085308
2023-10-02 02:56:06,942.3380726698263
2023-10-02 02:56:34,940.7582938388625
2023-10-02 02:57:02,939.9684044233808
2023-10-02 02:57:31,939.1785150078989
2023-10-02 02:57:59,938.388625592417
2023-10-02 02:58:27,938.388625592417
2023-10-02 02:58:55,937.5987361769352
2023-10-02 02:59:24,937.5987361769352
2023-10-02 02:59:52,938.388625592417
2023-10-02 03:00:20,938.388625592417
2023-10-02 03:00:48,938.388625592417
2023-10-02 03:01:17,939.9684044233808
2023-10-02 03:01:45,940.7582938388625
2023-10-02 03:02:13,940.7582938388625
2023-10-02 03:02:41,940.7582938388625
2023-10-02 03:03:10,939.1785150078989
2023-10-02 03:03:38,939.1785150078989
2023-10-02 03:04:06,939.1785150078989
2023-10-02 03:04:34,937.5987361769352
2023-10-02 03:05:03,936.8088467614534
2023-10-02 03:05:31,934.4391785150079
2023-10-02 03:05:59,933.6492890995261
2023-10-02 03:06:27,932.8593996840442
2023-10-02 03:06:56,930.4897314375987
2023-10-02 03:07:24,928.9099526066351
2023-10-02 03:07:52,928.1200631911532
2023-10-02 03:08:20,927.3301737756714
2023-10-02 03:08:49,926.5402843601896
2023-10-02 03:09:17,926.5402843601896
2023-10-02 03:09:45,926.5402843601896
2023-10-02 03:10:13,928.1200631911532
2023-10-02 03:10:42,928.1200631911532
2023-10-02 03:11:10,928.1200631911532
2023-10-02 03:11:38,928.1200631911532
2023-10-02 03:12:06,928.9099526066351
2023-10-02 03:12:35,929.6998420221169
2023-10-02 03:13:03,929.6998420221169
2023-10-02 03:13:31,930.4897314375987
2023-10-02 03:13:59,931.2796208530806
2023-10-02 03:14:28,931.2796208530806
2023-10-02 03:14:56,932.0695102685625
2023-10-02 03:15:24,932.8593996840442
2023-10-02 03:15:52,932.8593996840442
2023-10-02 03:16:21,932.0695102685625
2023-10-02 03:16:49,932.0695102685625
2023-10-02 03:17:17,932.0695102685625
2023-10-02 03:17:46,932.0695102685625
2023-10-02 03:18:14,932.0695102685625
2023-10-02 03:18:42,931.2796208530806
2023-10-02 03:19:10,930.4897314375987
2023-10-02 03:19:39,929.6998420221169
2023-10-02 03:20:07,929.6998420221169
2023-10-02 03:20:35,929.6998420221169
2023-10-02 03:21:03,929.6998420221169
2023-10-02 03:21:32,929.6998420221169
2023-10-02 03:22:00,929.6998420221169
2023-10-02 03:22:28,929.6998420221169
2023-10-02 03:22:56,929.6998420221169
2023-10-02 03:23:25,928.1200631911532
2023-10-02 03:23:53,928.1200631911532
2023-10-02 03:24:21,928.1200631911532
2023-10-02 03:24:49,928.1200631911532
2023-10-02 03:25:18,927.3301737756714
2023-10-02 03:25:46,926.5402843601896
2023-10-02 03:26:14,926.5402843601896
2023-10-02 03:26:42,926.5402843601896
2023-10-02 03:27:11,928.1200631911532
2023-10-02 03:27:39,928.1200631911532
2023-10-02 03:28:07,928.1200631911532
2023-10-02 03:28:35,930.4897314375987
2023-10-02 03:29:04,929.6998420221169
2023-10-02 03:29:32,929.6998420221169
2023-10-02 03:30:00,928.1200631911532
2023-10-02 03:30:28,926.5402843601896
2023-10-02 03:30:57,926.5402843601896
2023-10-02 03:31:25,926.5402843601896
2023-10-02 03:31:53,926.5402843601896
2023-10-02 03:32:21,926.5402843601896
2023-10-02 03:32:50,926.5402843601896
2023-10-02 03:33:18,926.5402843601896
2023-10-02 03:33:46,926.5402843601896
2023-10-02 03:34:14,927.3301737756714
2023-10-02 03:34:43,928.1200631911532
2023-10-02 03:35:11,928.9099526066351
2023-10-02 03:35:39,928.9099526066351
2023-10-02 03:36:07,928.1200631911532
2023-10-02 03:36:36,928.1200631911532
2023-10-02 03:37:04,928.1200631911532
2023-10-02 03:37:32,928.1200631911532
2023-10-02 03:38:00,928.1200631911532
2023-10-02 03:38:29,927.3301737756714
2023-10-02 03:38:57,924.9605055292259
2023-10-02 03:39:25,923.3807266982623
2023-10-02 03:39:54,922.5908372827804
2023-10-02 03:40:22,921.0110584518168
2023-10-02 03:40:50,917.8515007898894
2023-10-02 03:41:18,916.2717219589257
2023-10-02 03:41:47,914.6919431279621
2023-10-02 03:42:15,913.9020537124802
2023-10-02 03:42:43,913.1121642969985
2023-10-02 03:43:11,913.1121642969985
2023-10-02 03:43:40,913.9020537124802
2023-10-02 03:44:08,913.9020537124802
2023-10-02 03:44:36,916.2717219589257
2023-10-02 03:45:04,918.6413902053713
2023-10-02 03:45:33,921.8009478672985
2023-10-02 03:46:01,922.5908372827804
2023-10-02 03:46:29,925.7503949447078
2023-10-02 03:46:57,925.7503949447078
2023-10-02 03:47:26,925.7503949447078
2023-10-02 03:47:54,925.7503949447078
2023-10-02 03:48:22,925.7503949447078
2023-10-02 03:48:50,924.9605055292259
2023-10-02 03:49:19,923.3807266982623
2023-10-02 03:49:47,923.3807266982623
2023-10-02 03:50:15,923.3807266982623
2023-10-02 03:50:43,923.3807266982623
2023-10-02 03:51:12,921.8009478672985
2023-10-02 03:51:40,921.0110584518168
2023-10-02 03:52:08,920.2211690363349
2023-10-02 03:52:36,920.2211690363349
2023-10-02 03:53:05,920.2211690363349
2023-10-02 03:53:33,920.2211690363349
2023-10-02 03:54:01,921.0110584518168
2023-10-02 03:54:29,921.0110584518168
2023-10-02 03:54:58,921.0110584518168
2023-10-02 03:55:26,921.0110584518168
2023-10-02 03:55:54,921.0110584518168
2023-10-02 03:56:22,921.0110584518168
2023-10-02 03:56:51,921.0110584518168
2023-10-02 03:57:19,920.2211690363349
2023-10-02 03:57:47,920.2211690363349
2023-10-02 03:58:15,918.6413902053713
2023-10-02 03:58:44,918.6413902053713
2023-10-02 03:59:12,918.6413902053713
2023-10-02 03:59:40,917.0616113744076
2023-10-02 04:00:08,916.2717219589257
2023-10-02 04:00:37,916.2717219589257
2023-10-02 04:01:05,916.2717219589257
2023-10-02 04:01:33,915.4818325434439
2023-10-02 04:02:02,915.4818325434439
2023-10-02 04:02:30,915.4818325434439
2023-10-02 04:02:58,915.4818325434439
2023-10-02 04:03:26,915.4818325434439
2023-10-02 04:03:55,914.6919431279621
2023-10-02 04:04:23,913.9020537124802
2023-10-02 04:04:51,913.1121642969985
2023-10-02 04:05:19,912.3222748815166
2023-10-02 04:05:48,912.3222748815166
2023-10-02 04:06:16,912.3222748815166
2023-10-02 04:06:44,911.5323854660347
2023-10-02 04:07:12,909.9526066350711
2023-10-02 04:07:41,909.1627172195892
2023-10-02 04:08:09,909.1627172195892
2023-10-02 04:08:37,909.1627172195892
2023-10-02 04:09:05,909.1627172195892
2023-10-02 04:09:34,909.1627172195892
2023-10-02 04:10:02,909.1627172195892
2023-10-02 04:10:30,910.742496050553
2023-10-02 04:10:58,910.742496050553
2023-10-02 04:11:27,909.9526066350711
2023-10-02 04:11:55,908.3728278041074
2023-10-02 04:12:23,908.3728278041074
2023-10-02 04:12:51,907.5829383886256
2023-10-02 04:13:20,907.5829383886256
2023-10-02 04:13:48,906.0031595576619
2023-10-02 04:14:16,906.7930489731438
2023-10-02 04:14:44,906.7930489731438
2023-10-02 04:15:13,906.7930489731438
2023-10-02 04:15:41,908.3728278041074
2023-10-02 04:16:09,908.3728278041074
2023-10-02 04:16:37,908.3728278041074
2023-10-02 04:17:06,908.3728278041074
2023-10-02 04:17:34,908.3728278041074
2023-10-02 04:18:02,908.3728278041074
2023-10-02 04:18:30,908.3728278041074
2023-10-02 04:18:59,908.3728278041074
2023-10-02 04:19:27,908.3728278041074
2023-10-02 04:19:55,906.7930489731438
2023-10-02 04:20:23,906.7930489731438
2023-10-02 04:20:52,906.0031595576619
2023-10-02 04:21:20,906.0031595576619
2023-10-02 04:21:48,906.0031595576619
2023-10-02 04:22:16,906.0031595576619
2023-10-02 04:22:45,905.2132701421801
2023-10-02 04:23:13,904.4233807266983
2023-10-02 04:23:41,904.4233807266983
2023-10-02 04:24:10,904.4233807266983
2023-10-02 04:24:38,904.4233807266983
2023-10-02 04:25:06,904.4233807266983
2023-10-02 04:25:34,904.4233807266983
2023-10-02 04:26:03,904.4233807266983
2023-10-02 04:26:31,904.4233807266983
2023-10-02 04:26:59,904.4233807266983
2023-10-02 04:27:27,904.4233807266983
2023-10-02 04:27:56,904.4233807266983
2023-10-02 04:28:24,903.6334913112164
2023-10-02 04:28:52,902.8436018957347
2023-10-02 04:29:20,902.8436018957347
2023-10-02 04:29:49,902.8436018957347
2023-10-02 04:30:17,902.8436018957347
2023-10-02 04:30:45,902.8436018957347
2023-10-02 04:31:13,902.8436018957347
2023-10-02 04:31:42,902.8436018957347
2023-10-02 04:32:10,902.8436018957347
2023-10-02 04:32:38,903.6334913112164
2023-10-02 04:33:06,903.6334913112164
2023-10-02 04:33:35,903.6334913112164
2023-10-02 04:34:03,903.6334913112164
2023-10-02 04:34:31,903.6334913112164
2023-10-02 04:34:59,902.8436018957347
2023-10-02 04:35:28,901.2638230647709
2023-10-02 04:35:56,900.473933649289
2023-10-02 04:36:24,900.473933649289
2023-10-02 04:36:52,900.473933649289
2023-10-02 04:37:21,899.6840442338073
2023-10-02 04:37:49,898.8941548183254
2023-10-02 04:38:17,898.8941548183254
2023-10-02 04:38:45,898.8941548183254
2023-10-02 04:39:14,898.8941548183254
2023-10-02 04:39:42,898.1042654028436
2023-10-02 04:40:10,897.3143759873618
2023-10-02 04:40:38,897.3143759873618
2023-10-02 04:41:07,897.3143759873618
2023-10-02 04:41:35,896.52448657188
2023-10-02 04:42:03,896.52448657188
2023-10-02 04:42:31,897.3143759873618
2023-10-02 04:43:00,898.1042654028436
2023-10-02 04:43:28,898.1042654028436
2023-10-02 04:43:56,898.8941548183254
2023-10-02 04:44:25,898.1042654028436
2023-10-02 04:44:53,897.3143759873618
2023-10-02 04:45:21,897.3143759873618
2023-10-02 04:45:49,897.3143759873618
2023-10-02 04:46:18,896.52448657188
2023-10-02 04:46:46,893.3649289099526
2023-10-02 04:47:14,893.3649289099526
2023-10-02 04:47:42,892.5750394944707
2023-10-02 04:48:11,891.785150078989
2023-10-02 04:48:39,890.2053712480252
2023-10-02 04:49:07,889.4154818325435
2023-10-02 04:49:35,889.4154818325435
2023-10-02 04:50:04,888.6255924170616
2023-10-02 04:50:32,887.0458135860979
2023-10-02 04:51:00,886.2559241706161
2023-10-02 04:51:28,886.2559241706161
2023-10-02 04:51:57,887.8357030015798
2023-10-02 04:52:25,888.6255924170616
2023-10-02 04:52:53,890.2053712480252
2023-10-02 04:53:21,890.2053712480252
2023-10-02 04:53:50,890.9952606635071
2023-10-02 04:54:18,893.3649289099526
2023-10-02 04:54:46,893.3649289099526
2023-10-02 04:55:14,893.3649289099526
2023-10-02 04:55:43,892.5750394944707
2023-10-02 04:56:11,891.785150078989
2023-10-02 04:56:39,890.2053712480252
2023-10-02 04:57:07,890.2053712480252
2023-10-02 04:57:36,890.2053712480252
2023-10-02 04:58:04,890.2053712480252
2023-10-02 04:58:32,890.2053712480252
2023-10-02 04:59:00,890.2053712480252
2023-10-02 04:59:29,890.2053712480252
2023-10-02 04:59:57,890.2053712480252
2023-10-02 05:00:25,890.2053712480252
2023-10-02 05:00:53,889.4154818325435
2023-10-02 05:01:22,889.4154818325435
2023-10-02 05:01:50,889.4154818325435
2023-10-02 05:02:18,887.8357030015798
2023-10-02 05:02:46,886.2559241706161
2023-10-02 05:03:15,886.2559241706161
2023-10-02 05:03:43,884.6761453396524
2023-10-02 05:04:11,883.8862559241707
2023-10-02 05:04:39,883.8862559241707
2023-10-02 05:05:08,883.8862559241707
2023-10-02 05:05:36,883.8862559241707
2023-10-02 05:06:04,883.8862559241707
2023-10-02 05:06:33,883.8862559241707
2023-10-02 05:07:01,883.8862559241707
2023-10-02 05:07:29,883.0963665086888
2023-10-02 05:07:57,880.7266982622433
2023-10-02 05:08:26,882.3064770932069
2023-10-02 05:08:54,882.3064770932069
2023-10-02 05:09:22,882.3064770932069
2023-10-02 05:09:50,882.3064770932069
2023-10-02 05:10:19,883.0963665086888
2023-10-02 05:10:47,885.4660347551343
2023-10-02 05:11:15,884.6761453396524
2023-10-02 05:11:43,881.5165876777252
2023-10-02 05:12:12,880.7266982622433
2023-10-02 05:12:40,880.7266982622433
2023-10-02 05:13:08,880.7266982622433
2023-10-02 05:13:36,880.7266982622433
2023-10-02 05:14:05,879.9368088467614
2023-10-02 05:14:33,879.9368088467614
2023-10-02 05:15:01,879.9368088467614
2023-10-02 05:15:29,879.9368088467614
2023-10-02 05:15:58,879.9368088467614
2023-10-02 05:16:26,880.7266982622433
2023-10-02 05:16:54,880.7266982622433
2023-10-02 05:17:22,880.7266982622433
2023-10-02 05:17:51,879.9368088467614
2023-10-02 05:18:19,879.1469194312796
2023-10-02 05:18:47,878.3570300157978
2023-10-02 05:19:15,878.3570300157978
2023-10-02 05:19:44,876.7772511848341
2023-10-02 05:20:12,876.7772511848341
2023-10-02 05:20:40,877.567140600316
2023-10-02 05:21:08,877.567140600316
2023-10-02 05:21:37,877.567140600316
2023-10-02 05:22:05,877.567140600316
2023-10-02 05:22:33,877.567140600316
2023-10-02 05:23:01,877.567140600316
2023-10-02 05:23:30,877.567140600316
2023-10-02 05:23:58,875.9873617693523
2023-10-02 05:24:26,875.9873617693523
2023-10-02 05:24:54,874.4075829383886
2023-10-02 05:25:23,872.827804107425
2023-10-02 05:25:51,872.827804107425
2023-10-02 05:26:19,871.2480252764612
2023-10-02 05:26:47,871.2480252764612
2023-10-02 05:27:16,870.4581358609795
2023-10-02 05:27:44,870.4581358609795
2023-10-02 05:28:12,869.6682464454976
2023-10-02 05:28:41,868.088467614534
2023-10-02 05:29:09,868.088467614534
2023-10-02 05:29:37,868.088467614534
2023-10-02 05:30:05,868.088467614534
2023-10-02 05:30:34,868.088467614534
2023-10-02 05:31:02,868.088467614534
2023-10-02 05:31:30,868.088467614534
2023-10-02 05:31:58,868.088467614534
2023-10-02 05:32:27,868.088467614534
2023-10-02 05:32:55,868.088467614534
2023-10-02 05:33:23,868.088467614534
2023-10-02 05:33:51,866.5086887835703
2023-10-02 05:34:20,865.7187993680884
2023-10-02 05:34:48,864.1390205371248
2023-10-02 05:35:16,864.1390205371248
2023-10-02 05:35:44,864.1390205371248
2023-10-02 05:36:13,864.1390205371248
2023-10-02 05:36:41,864.1390205371248
2023-10-02 05:37:09,863.3491311216429
2023-10-02 05:37:37,863.3491311216429
2023-10-02 05:38:06,863.3491311216429
2023-10-02 05:38:34,862.5592417061612
2023-10-02 05:39:02,861.7693522906793
2023-10-02 05:39:30,860.9794628751974
2023-10-02 05:39:59,860.1895734597157
2023-10-02 05:40:27,860.1895734597157
2023-10-02 05:40:55,860.9794628751974
2023-10-02 05:41:23,861.7693522906793
2023-10-02 05:41:52,861.7693522906793
2023-10-02 05:42:20,861.7693522906793
2023-10-02 05:42:48,861.7693522906793
2023-10-02 05:43:16,862.5592417061612
2023-10-02 05:43:45,862.5592417061612
2023-10-02 05:44:13,862.5592417061612
2023-10-02 05:44:41,862.5592417061612
2023-10-02 05:45:09,861.7693522906793
2023-10-02 05:45:38,861.7693522906793
2023-10-02 05:46:06,860.9794628751974
2023-10-02 05:46:34,859.3996840442338
2023-10-02 05:47:02,858.609794628752
2023-10-02 05:47:31,858.609794628752
2023-10-02 05:47:59,857.0300157977883
2023-10-02 05:48:27,857.0300157977883
2023-10-02 05:48:55,857.0300157977883
2023-10-02 05:49:24,855.4502369668246
2023-10-02 05:49:52,855.4502369668246
2023-10-02 05:50:20,854.6603475513429
2023-10-02 05:50:49,854.6603475513429
2023-10-02 05:51:17,854.6603475513429
2023-10-02 05:51:45,854.6603475513429
2023-10-02 05:52:13,854.6603475513429
2023-10-02 05:52:42,854.6603475513429
2023-10-02 05:53:10,854.6603475513429
2023-10-02 05:53:38,854.6603475513429
2023-10-02 05:54:06,854.6603475513429
2023-10-02 05:54:35,854.6603475513429
2023-10-02 05:55:03,853.870458135861
2023-10-02 05:55:31,853.0805687203791
2023-10-02 05:55:59,853.870458135861
2023-10-02 05:56:28,853.870458135861
2023-10-02 05:56:56,853.870458135861
2023-10-02 05:57:24,853.870458135861
2023-10-02 05:57:52,853.870458135861
2023-10-02 05:58:21,853.870458135861
2023-10-02 05:58:49,854.6603475513429
2023-10-02 05:59:17,853.870458135861
2023-10-02 05:59:45,853.0805687203791
2023-10-02 06:00:14,852.2906793048974
2023-10-02 06:00:42,852.2906793048974
2023-10-02 06:01:10,852.2906793048974
2023-10-02 06:01:38,852.2906793048974
2023-10-02 06:02:07,852.2906793048974
2023-10-02 06:02:35,852.2906793048974
2023-10-02 06:03:03,850.7109004739336
2023-10-02 06:03:31,849.13112164297
2023-10-02 06:04:00,849.13112164297
2023-10-02 06:04:28,849.13112164297
2023-10-02 06:04:56,849.13112164297
2023-10-02 06:05:24,849.13112164297
2023-10-02 06:05:53,849.13112164297
2023-10-02 06:06:21,849.13112164297
2023-10-02 06:06:49,850.7109004739336
2023-10-02 06:07:17,850.7109004739336
2023-10-02 06:07:46,849.13112164297
2023-10-02 06:08:14,848.3412322274881
2023-10-02 06:08:42,846.7614533965245
2023-10-02 06:09:10,846.7614533965245
2023-10-02 06:09:39,847.5513428120063
2023-10-02 06:10:07,847.5513428120063
2023-10-02 06:10:35,847.5513428120063
2023-10-02 06:11:04,847.5513428120063
2023-10-02 06:11:32,847.5513428120063
2023-10-02 06:12:00,847.5513428120063
2023-10-02 06:12:28,847.5513428120063
2023-10-02 06:12:57,846.7614533965245
2023-10-02 06:13:25,846.7614533965245
2023-10-02 06:13:53,846.7614533965245
2023-10-02 06:14:21,845.9715639810427
2023-10-02 06:14:50,845.1816745655608
2023-10-02 06:15:18,844.391785150079
2023-10-02 06:15:46,844.391785150079
2023-10-02 06:16:14,844.391785150079
2023-10-02 06:16:43,843.6018957345972
2023-10-02 06:17:11,843.6018957345972
2023-10-02 06:17:39,843.6018957345972
2023-10-02 06:18:07,843.6018957345972
2023-10-02 06:18:36,843.6018957345972
2023-10-02 06:19:04,843.6018957345972
2023-10-02 06:19:32,842.8120063191153
2023-10-02 06:20:00,842.0221169036334
2023-10-02 06:20:29,842.0221169036334
2023-10-02 06:20:57,842.0221169036334
2023-10-02 06:21:25,842.0221169036334
2023-10-02 06:21:53,842.0221169036334
2023-10-02 06:22:22,842.0221169036334
2023-10-02 06:22:50,841.2322274881517
2023-10-02 06:23:18,842.0221169036334
2023-10-02 06:23:46,842.0221169036334
2023-10-02 06:24:15,842.8120063191153
2023-10-02 06:24:43,842.8120063191153
2023-10-02 06:25:11,842.0221169036334
2023-10-02 06:25:39,842.0221169036334
2023-10-02 06:26:08,842.0221169036334
2023-10-02 06:26:36,841.2322274881517
2023-10-02 06:27:04,841.2322274881517
2023-10-02 06:27:32,841.2322274881517
2023-10-02 06:28:01,841.2322274881517
2023-10-02 06:28:29,841.2322274881517
2023-10-02 06:28:57,840.4423380726698
2023-10-02 06:29:25,840.4423380726698
2023-10-02 06:29:54,839.652448657188
2023-10-02 06:30:22,838.8625592417062
2023-10-02 06:30:50,838.0726698262243
2023-10-02 06:31:18,838.0726698262243
2023-10-02 06:31:47,838.0726698262243
2023-10-02 06:32:15,838.0726698262243
2023-10-02 06:32:43,838.0726698262243
2023-10-02 06:33:12,839.652448657188
2023-10-02 06:33:40,838.8625592417062
2023-10-02 06:34:08,838.0726698262243
2023-10-02 06:34:36,838.0726698262243
2023-10-02 06:35:05,838.0726698262243
2023-10-02 06:35:33,837.2827804107425
2023-10-02 06:36:01,835.7030015797789
2023-10-02 06:36:29,834.913112164297
2023-10-02 06:36:58,834.913112164297
2023-10-02 06:37:26,834.1232227488151
2023-10-02 06:37:54,834.1232227488151
2023-10-02 06:38:22,832.5434439178515
2023-10-02 06:38:51,832.5434439178515
2023-10-02 06:39:19,832.5434439178515
2023-10-02 06:39:47,832.5434439178515
2023-10-02 06:40:15,832.5434439178515
2023-10-02 06:40:44,832.5434439178515
2023-10-02 06:41:12,832.5434439178515
2023-10-02 06:41:40,832.5434439178515
2023-10-02 06:42:08,831.7535545023696
2023-10-02 06:42:37,831.7535545023696
2023-10-02 06:43:05,832.5434439178515
2023-10-02 06:43:33,834.1232227488151
2023-10-02 06:44:01,834.1232227488151
2023-10-02 06:44:30,834.913112164297
2023-10-02 06:44:58,834.913112164297
2023-10-02 06:45:26,834.913112164297
2023-10-02 06:45:54,834.913112164297
2023-10-02 06:46:23,834.913112164297
2023-10-02 06:46:51,834.913112164297
2023-10-02 06:47:19,833.3333333333334
2023-10-02 06:47:47,833.3333333333334
2023-10-02 06:48:16,830.9636650868879
2023-10-02 06:48:44,828.5939968404423
2023-10-02 06:49:12,828.5939968404423
2023-10-02 06:49:40,827.8041074249605
2023-10-02 06:50:09,827.8041074249605
2023-10-02 06:50:37,828.5939968404423
2023-10-02 06:51:05,830.173775671406
2023-10-02 06:51:33,830.173775671406
2023-10-02 06:52:02,830.173775671406
2023-10-02 06:52:30,830.173775671406
2023-10-02 06:52:58,830.173775671406
2023-10-02 06:53:26,830.173775671406
2023-10-02 06:53:55,830.173775671406
2023-10-02 06:54:23,830.173775671406
2023-10-02 06:54:51,830.173775671406
2023-10-02 06:55:20,830.173775671406
2023-10-02 06:55:48,830.173775671406
2023-10-02 06:56:16,829.3838862559242
2023-10-02 06:56:44,828.5939968404423
2023-10-02 06:57:13,828.5939968404423
2023-10-02 06:57:41,828.5939968404423
2023-10-02 06:58:09,827.8041074249605
2023-10-02 06:58:37,826.2243285939968
2023-10-02 06:59:06,825.434439178515
2023-10-02 06:59:34,825.434439178515
2023-10-02 07:00:02,824.6445497630332
2023-10-02 07:00:30,823.8546603475513
2023-10-02 07:00:59,823.0647709320696
2023-10-02 07:01:27,823.0647709320696
2023-10-02 07:01:55,823.0647709320696
2023-10-02 07:02:23,823.0647709320696
2023-10-02 07:02:52,823.0647709320696
2023-10-02 07:03:20,823.0647709320696
2023-10-02 07:03:48,823.0647709320696
2023-10-02 07:04:16,823.0647709320696
2023-10-02 07:04:45,822.2748815165877
2023-10-02 07:05:13,822.2748815165877
2023-10-02 07:05:41,822.2748815165877
2023-10-02 07:06:09,822.2748815165877
2023-10-02 07:06:38,823.0647709320696
2023-10-02 07:07:06,823.8546603475513
2023-10-02 07:07:34,823.8546603475513
2023-10-02 07:08:02,823.8546603475513
2023-10-02 07:08:31,823.8546603475513
2023-10-02 07:08:59,823.8546603475513
2023-10-02 07:09:27,823.0647709320696
2023-10-02 07:09:55,823.0647709320696
2023-10-02 07:10:24,820.695102685624
2023-10-02 07:10:52,819.9052132701422
2023-10-02 07:11:20,819.1153238546603
2023-10-02 07:11:48,819.1153238546603
2023-10-02 07:12:17,817.5355450236967
2023-10-02 07:12:45,816.7456556082149
2023-10-02 07:13:13,816.7456556082149
2023-10-02 07:13:41,816.7456556082149
2023-10-02 07:14:10,816.7456556082149
2023-10-02 07:14:38,816.7456556082149
2023-10-02 07:15:06,816.7456556082149
2023-10-02 07:15:34,816.7456556082149
2023-10-02 07:16:03,815.955766192733
2023-10-02 07:16:31,815.955766192733
2023-10-02 07:16:59,815.955766192733
2023-10-02 07:17:28,815.955766192733
2023-10-02 07:17:56,815.955766192733
2023-10-02 07:18:24,815.955766192733
2023-10-02 07:18:52,815.955766192733
2023-10-02 07:19:21,815.1658767772511
2023-10-02 07:19:49,814.3759873617694
2023-10-02 07:20:17,814.3759873617694
2023-10-02 07:20:45,813.5860979462875
2023-10-02 07:21:14,812.7962085308056
2023-10-02 07:21:42,812.7962085308056
2023-10-02 07:22:10,812.7962085308056
2023-10-02 07:22:38,812.7962085308056
2023-10-02 07:23:07,812.7962085308056
2023-10-02 07:23:35,812.7962085308056
2023-10-02 07:24:03,812.7962085308056
2023-10-02 07:24:31,812.7962085308056
2023-10-02 07:25:00,812.7962085308056
2023-10-02 07:25:28,813.5860979462875
2023-10-02 07:25:56,812.7962085308056
2023-10-02 07:26:24,812.7962085308056
2023-10-02 07:26:53,812.7962085308056
2023-10-02 07:27:21,812.7962085308056
2023-10-02 07:27:49,808.8467614533965
2023-10-02 07:28:17,807.2669826224328
2023-10-02 07:28:46,802.5276461295418
2023-10-02 07:29:14,800.9478672985782
2023-10-02 07:29:42,788.3096366508689
2023-10-02 07:30:10,767.7725118483412
2023-10-02 07:30:39,766.1927330173776
2023-10-02 07:31:07,753.5545023696683
2023-10-02 07:31:35,752.7646129541864
2023-10-02 07:32:03,742.4960505529226
2023-10-02 07:32:32,741.7061611374407
2023-10-02 07:33:00,741.7061611374407
2023-10-02 07:33:28,744.0758293838862
2023-10-02 07:33:56,751.9747235387046
2023-10-02 07:34:25,760.6635071090047
2023-10-02 07:34:53,762.2432859399684
2023-10-02 07:35:21,769.3522906793049
2023-10-02 07:35:49,770.1421800947867
2023-10-02 07:36:18,778.041074249605
2023-10-02 07:36:46,780.4107424960506
2023-10-02 07:37:14,785.9399684044233
2023-10-02 07:37:43,787.5197472353871
2023-10-02 07:38:11,787.5197472353871
2023-10-02 07:38:39,788.3096366508689
2023-10-02 07:39:07,788.3096366508689
2023-10-02 07:39:36,788.3096366508689
2023-10-02 07:40:04,787.5197472353871
2023-10-02 07:40:32,781.2006319115324
2023-10-02 07:41:00,778.041074249605
2023-10-02 07:41:29,774.8815165876778
2023-10-02 07:41:57,763.8230647709321
2023-10-02 07:42:25,755.9241706161138
2023-10-02 07:42:53,740.9162717219589
2023-10-02 07:43:22,727.4881516587677
2023-10-02 07:43:50,721.958925750395
2023-10-02 07:44:18,712.4802527646129
2023-10-02 07:44:46,699.8420221169036
2023-10-02 07:45:15,698.2622432859399
2023-10-02 07:45:43,695.8925750394944
2023-10-02 07:46:11,687.2037914691944
2023-10-02 07:46:39,684.8341232227489
2023-10-02 07:47:08,681.6745655608215
2023-10-02 07:47:36,680.0947867298578
2023-10-02 07:48:04,678.5150078988942
2023-10-02 07:48:32,673.7756714060032
2023-10-02 07:49:01,672.9857819905213
2023-10-02 07:49:29,671.4060031595577
2023-10-02 07:49:57,669.826224328594
2023-10-02 07:50:25,666.6666666666666
2023-10-02 07:50:54,663.5071090047394
2023-10-02 07:51:22,663.5071090047394
2023-10-02 07:51:50,659.5576619273302
2023-10-02 07:52:18,657.1879936808847
2023-10-02 07:52:47,656.3981042654028
2023-10-02 07:53:15,653.2385466034755
2023-10-02 07:53:43,650.86887835703
2023-10-02 07:54:11,650.0789889415482
2023-10-02 07:54:40,648.4992101105845
2023-10-02 07:55:08,645.3396524486571
2023-10-02 07:55:36,645.3396524486571
2023-10-02 07:56:04,643.7598736176935
2023-10-02 07:56:33,642.1800947867299
2023-10-02 07:57:01,642.1800947867299
2023-10-02 07:57:29,642.1800947867299
2023-10-02 07:57:57,640.6003159557662
2023-10-02 07:58:26,640.6003159557662
2023-10-02 07:58:54,640.6003159557662
2023-10-02 07:59:22,642.1800947867299
2023-10-02 07:59:51,646.129541864139
2023-10-02 08:00:19,646.9194312796209
2023-10-02 08:00:47,647.7093206951026
2023-10-02 08:01:15,653.2385466034755
2023-10-02 08:01:44,658.7677725118483
2023-10-02 08:02:12,661.9273301737757
2023-10-02 08:02:40,666.6666666666666
2023-10-02 08:03:08,669.826224328594
2023-10-02 08:03:37,672.9857819905213
2023-10-02 08:04:05,673.7756714060032
2023-10-02 08:04:33,674.565560821485
2023-10-02 08:05:01,674.565560821485
2023-10-02 08:05:30,674.565560821485
2023-10-02 08:05:58,673.7756714060032
2023-10-02 08:06:26,673.7756714060032
2023-10-02 08:06:54,672.1958925750395
2023-10-02 08:07:23,672.1958925750395
2023-10-02 08:07:51,670.6161137440758
2023-10-02 08:08:19,668.2464454976304
2023-10-02 08:08:47,668.2464454976304
2023-10-02 08:09:16,667.4565560821485
2023-10-02 08:09:44,667.4565560821485
2023-10-02 08:10:12,665.086887835703
2023-10-02 08:10:40,665.086887835703
2023-10-02 08:11:09,665.086887835703
2023-10-02 08:11:37,665.086887835703
2023-10-02 08:12:05,665.8767772511849
2023-10-02 08:12:33,666.6666666666666
2023-10-02 08:13:02,666.6666666666666
2023-10-02 08:13:30,667.4565560821485
2023-10-02 08:13:58,667.4565560821485
2023-10-02 08:14:26,667.4565560821485
2023-10-02 08:14:55,667.4565560821485
2023-10-02 08:15:23,667.4565560821485
2023-10-02 08:15:51,667.4565560821485
2023-10-02 08:16:19,667.4565560821485
2023-10-02 08:16:48,667.4565560821485
2023-10-02 08:17:16,666.6666666666666
2023-10-02 08:17:44,666.6666666666666
2023-10-02 08:18:12,667.4565560821485
2023-10-02 08:18:41,668.2464454976304
2023-10-02 08:19:09,668.2464454976304
2023-10-02 08:19:37,668.2464454976304
2023-10-02 08:20:05,668.2464454976304
2023-10-02 08:20:34,668.2464454976304
2023-10-02 08:21:02,668.2464454976304
2023-10-02 08:21:30,669.0363349131121
2023-10-02 08:21:59,669.0363349131121
2023-10-02 08:22:27,669.0363349131121
2023-10-02 08:22:55,669.826224328594
2023-10-02 08:23:23,670.6161137440758
2023-10-02 08:23:52,670.6161137440758
2023-10-02 08:24:20,672.1958925750395
2023-10-02 08:24:48,672.1958925750395
2023-10-02 08:25:16,671.4060031595577
2023-10-02 08:25:45,669.826224328594
2023-10-02 08:26:13,669.0363349131121
2023-10-02 08:26:41,669.0363349131121
2023-10-02 08:27:09,669.0363349131121
2023-10-02 08:27:38,669.0363349131121
2023-10-02 08:28:06,669.0363349131121
2023-10-02 08:28:34,669.0363349131121
2023-10-02 08:29:02,668.2464454976304
2023-10-02 08:29:31,668.2464454976304
2023-10-02 08:29:59,666.6666666666666
2023-10-02 08:30:27,645.3396524486571
2023-10-02 08:30:55,644.5497630331754
2023-10-02 08:31:24,606.6350710900474
2023-10-02 08:31:52,585.3080568720379
2023-10-02 08:32:20,578.9889415481832
2023-10-02 08:32:48,573.4597156398104
2023-10-02 08:33:17,537.914691943128
2023-10-02 08:33:45,537.1248025276461
2023-10-02 08:34:13,538.7045813586097
2023-10-02 08:34:41,542.654028436019
2023-10-02 08:35:10,545.0236966824644
2023-10-02 08:35:38,557.6619273301737
2023-10-02 08:36:06,589.257503949447
2023-10-02 08:36:34,594.7867298578199
2023-10-02 08:37:03,597.9462875197472
2023-10-02 08:37:31,606.6350710900474
2023-10-02 08:37:59,624.0126382306477
2023-10-02 08:38:27,628.7519747235388
2023-10-02 08:38:56,639.8104265402843
2023-10-02 08:39:24,642.1800947867299
2023-10-02 08:39:52,646.9194312796209
2023-10-02 08:40:20,649.2890995260664
2023-10-02 08:40:49,651.6587677725119
2023-10-02 08:41:17,653.2385466034755
2023-10-02 08:41:45,654.0284360189573
2023-10-02 08:42:13,654.8183254344392
2023-10-02 08:42:42,656.3981042654028
2023-10-02 08:43:10,657.1879936808847
2023-10-02 08:43:38,657.9778830963666
2023-10-02 08:44:07,658.7677725118483
2023-10-02 08:44:35,661.1374407582938
2023-10-02 08:45:03,662.7172195892575
2023-10-02 08:45:31,665.8767772511849
2023-10-02 08:46:00,666.6666666666666
2023-10-02 08:46:28,668.2464454976304
2023-10-02 08:46:56,669.0363349131121
2023-10-02 08:47:24,669.826224328594
2023-10-02 08:47:53,669.826224328594
2023-10-02 08:48:21,669.0363349131121
2023-10-02 08:48:49,665.8767772511849
2023-10-02 08:49:17,665.086887835703
2023-10-02 08:49:46,665.8767772511849
2023-10-02 08:50:14,668.2464454976304
2023-10-02 08:50:42,669.0363349131121
2023-10-02 08:51:10,673.7756714060032
2023-10-02 08:51:39,677.7251184834123
2023-10-02 08:52:07,682.4644549763033
2023-10-02 08:52:35,686.4139020537125
2023-10-02 08:53:03,693.522906793049
2023-10-02 08:53:32,695.1026856240127
2023-10-02 08:54:00,699.8420221169036
2023-10-02 08:54:28,703.7914691943128
2023-10-02 08:54:56,704.5813586097946
2023-10-02 08:55:25,709.3206951026856
2023-10-02 08:55:53,711.6903633491311
2023-10-02 08:56:21,714.0600315955767
2023-10-02 08:56:49,714.0600315955767
2023-10-02 08:57:18,716.4296998420222
2023-10-02 08:57:46,718.7993680884676
2023-10-02 08:58:14,719.5892575039494
2023-10-02 08:58:42,719.5892575039494
2023-10-02 08:59:11,720.3791469194313
2023-10-02 08:59:39,723.5387045813586
2023-10-02 09:00:07,723.5387045813586
2023-10-02 09:00:35,723.5387045813586
2023-10-02 09:01:04,725.1184834123222
2023-10-02 09:01:32,726.698262243286
2023-10-02 09:02:00,728.2780410742496
2023-10-02 09:02:28,728.2780410742496
2023-10-02 09:02:57,729.8578199052133
2023-10-02 09:03:25,730.6477093206951
2023-10-02 09:03:53,730.6477093206951
2023-10-02 09:04:22,730.6477093206951
2023-10-02 09:04:50,731.4375987361769
2023-10-02 09:05:18,731.4375987361769
2023-10-02 09:05:46,732.2274881516588
2023-10-02 09:06:15,732.2274881516588
2023-10-02 09:06:43,733.0173775671406
2023-10-02 09:07:11,733.0173775671406
2023-10-02 09:07:39,733.8072669826224
2023-10-02 09:08:08,734.5971563981043
2023-10-02 09:08:36,735.387045813586
2023-10-02 09:09:04,735.387045813586
2023-10-02 09:09:32,736.9668246445498
2023-10-02 09:10:01,738.5466034755134
2023-10-02 09:10:29,740.1263823064771
2023-10-02 09:10:57,741.7061611374407
2023-10-02 09:11:25,742.4960505529226
2023-10-02 09:11:54,744.0758293838862
2023-10-02 09:12:22,744.8657187993681
2023-10-02 09:12:50,747.2353870458136
2023-10-02 09:13:18,751.1848341232228
2023-10-02 09:13:47,751.1848341232228
2023-10-02 09:14:15,751.1848341232228
2023-10-02 09:14:43,754.34439178515
2023-10-02 09:15:11,755.9241706161138
2023-10-02 09:15:40,756.7140600315955
2023-10-02 09:16:08,756.7140600315955
2023-10-02 09:16:36,755.9241706161138
2023-10-02 09:17:04,755.1342812006319
2023-10-02 09:17:33,748.8151658767772
2023-10-02 09:18:01,729.0679304897315
2023-10-02 09:18:29,693.522906793049
2023-10-02 09:18:57,667.4565560821485
2023-10-02 09:19:26,663.5071090047394
2023-10-02 09:19:54,635.0710900473933
2023-10-02 09:20:22,624.8025276461295
2023-10-02 09:20:50,597.1563981042653
2023-10-02 09:21:19,593.2069510268562
2023-10-02 09:21:47,581.3586097946287
2023-10-02 09:22:15,576.6192733017377
2023-10-02 09:22:43,572.6698262243286
2023-10-02 09:23:12,568.7203791469194
2023-10-02 09:23:40,563.9810426540284
2023-10-02 09:24:08,553.7124802527646
2023-10-02 09:24:36,552.1327014218009
2023-10-02 09:25:05,548.1832543443918
2023-10-02 09:25:33,545.8135860979463
2023-10-02 09:26:01,536.3349131121643
2023-10-02 09:26:30,530.0157977883097
2023-10-02 09:26:58,527.6461295418642
2023-10-02 09:27:26,520.5371248025276
2023-10-02 09:27:54,517.3775671406003
2023-10-02 09:28:23,511.0584518167457
2023-10-02 09:28:51,508.68878357030013
2023-10-02 09:29:19,503.94944707740916
2023-10-02 09:29:47,502.3696682464455
2023-10-02 09:30:16,500.7898894154818
2023-10-02 09:30:44,498.4202211690363
2023-10-02 09:31:12,498.4202211690363
2023-10-02 09:31:40,498.4202211690363
2023-10-02 09:32:09,500.7898894154818
2023-10-02 09:32:37,500.0
2023-10-02 09:33:05,499.2101105845182
2023-10-02 09:33:33,499.2101105845182
2023-10-02 09:34:02,498.4202211690363
2023-10-02 09:34:30,496.05055292259084
2023-10-02 09:34:58,491.31121642969987
2023-10-02 09:35:26,489.7314375987362
2023-10-02 09:35:55,485.78199052132703
2023-10-02 09:36:23,485.78199052132703
2023-10-02 09:36:51,486.57187993680884
2023-10-02 09:37:19,486.57187993680884
2023-10-02 09:37:48,485.78199052132703
2023-10-02 09:38:16,484.99210110584517
2023-10-02 09:38:44,484.20221169036336
2023-10-02 09:39:12,484.20221169036336
2023-10-02 09:39:41,482.6224328593997
2023-10-02 09:40:09,481.83254344391787
2023-10-02 09:40:37,480.2527646129542
2023-10-02 09:41:05,479.46287519747233
2023-10-02 09:41:34,478.6729857819905
2023-10-02 09:42:02,478.6729857819905
2023-10-02 09:42:30,478.6729857819905
2023-10-02 09:42:58,478.6729857819905
2023-10-02 09:43:27,478.6729857819905
2023-10-02 09:43:55,478.6729857819905
2023-10-02 09:44:23,477.8830963665087
2023-10-02 09:44:51,477.09320695102684
2023-10-02 09:45:20,477.09320695102684
2023-10-02 09:45:48,476.30331753554503
2023-10-02 09:46:16,475.51342812006317
2023-10-02 09:46:44,475.51342812006317
2023-10-02 09:47:13,475.51342812006317
2023-10-02 09:47:41,475.51342812006317
2023-10-02 09:48:09,475.51342812006317
2023-10-02 09:48:38,474.72353870458136
2023-10-02 09:49:06,473.93364928909955
2023-10-02 09:49:34,473.1437598736177
2023-10-02 09:50:02,473.1437598736177
2023-10-02 09:50:31,472.3538704581359
2023-10-02 09:50:59,470.7740916271722
2023-10-02 09:51:27,470.7740916271722
2023-10-02 09:51:55,476.30331753554503
2023-10-02 09:52:24,477.09320695102684
2023-10-02 09:52:52,478.6729857819905
2023-10-02 09:53:20,484.20221169036336
2023-10-02 09:53:48,491.31121642969987
2023-10-02 09:54:17,495.26066350710903
2023-10-02 09:54:45,502.3696682464455
2023-10-02 09:55:13,506.31911532385465
2023-10-02 09:55:41,511.0584518167457
2023-10-02 09:56:10,512.6382306477093
2023-10-02 09:56:38,518.957345971564
2023-10-02 09:57:06,520.5371248025276
2023-10-02 09:57:34,520.5371248025276
2023-10-02 09:58:03,522.9067930489731
2023-10-02 09:58:31,522.9067930489731
2023-10-02 10:02:17,567.9304897314375
2023-10-02 10:02:45,567.9304897314375
2023-10-02 10:03:13,567.9304897314375
2023-10-02 10:03:42,568.7203791469194
2023-10-02 10:05:06,576.6192733017377
2023-10-02 10:05:35,576.6192733017377
2023-10-02 10:06:03,585.3080568720379
2023-10-02 10:06:31,586.8878357030015
2023-10-02 10:06:59,588.4676145339653
2023-10-02 10:07:28,592.4170616113744
2023-10-02 10:07:56,599.526066350711
2023-10-02 10:08:24,600.3159557661927
2023-10-02 10:08:53,605.0552922590837
2023-10-02 10:09:21,609.7946287519748
2023-10-02 10:09:49,610.5845181674565
2023-10-02 10:10:17,616.1137440758293
2023-10-02 10:10:46,619.2733017377567
2023-10-02 10:11:14,625.5924170616114
2023-10-02 10:11:42,629.5418641390205
2023-10-02 10:12:10,632.7014218009479
2023-10-02 10:12:39,639.8104265402843
2023-10-02 10:13:07,641.390205371248
2023-10-02 10:13:35,644.5497630331754
2023-10-02 10:14:03,645.3396524486571
2023-10-02 10:14:32,646.9194312796209
2023-10-02 10:15:00,646.9194312796209
2023-10-02 10:15:28,646.9194312796209
2023-10-02 10:15:56,647.7093206951026
2023-10-02 10:16:25,648.4992101105845
2023-10-02 10:16:53,650.0789889415482
2023-10-02 10:17:21,651.6587677725119
2023-10-02 10:17:49,651.6587677725119
2023-10-02 10:18:18,657.1879936808847
2023-10-02 10:18:46,660.347551342812
2023-10-02 10:19:14,665.8767772511849
2023-10-02 10:19:42,670.6161137440758
2023-10-02 10:20:11,672.1958925750395
2023-10-02 10:20:39,676.9352290679304
2023-10-02 10:21:07,678.5150078988942
2023-10-02 10:21:35,679.304897314376
2023-10-02 10:22:04,679.304897314376
2023-10-02 10:22:32,682.4644549763033
2023-10-02 10:23:00,682.4644549763033
2023-10-02 10:23:28,683.2543443917851
2023-10-02 10:23:57,685.6240126382306
2023-10-02 10:24:25,687.2037914691944
2023-10-02 10:24:53,687.2037914691944
2023-10-02 10:25:21,687.2037914691944
2023-10-02 10:25:50,686.4139020537125
2023-10-02 10:26:18,687.2037914691944
2023-10-02 10:26:46,687.2037914691944
2023-10-02 10:27:14,687.2037914691944
2023-10-02 10:27:43,687.9936808846761
2023-10-02 10:28:11,691.9431279620853
2023-10-02 10:28:39,695.8925750394944
2023-10-02 10:29:07,700.6319115323855
2023-10-02 10:29:36,705.3712480252765
2023-10-02 10:30:04,714.8499210110584
2023-10-02 10:30:32,718.7993680884676
2023-10-02 10:31:01,721.1690363349131
2023-10-02 10:31:29,730.6477093206951
2023-10-02 10:31:57,740.9162717219589
2023-10-02 10:32:25,747.2353870458136
2023-10-02 10:32:54,762.2432859399684
2023-10-02 10:33:22,766.9826224328594
2023-10-02 10:33:50,768.5624012638231
2023-10-02 10:34:18,771.7219589257504
2023-10-02 10:34:47,771.7219589257504
2023-10-02 10:35:15,771.7219589257504
2023-10-02 10:35:43,770.9320695102685
2023-10-02 10:36:11,766.1927330173776
2023-10-02 10:36:40,761.4533965244866
2023-10-02 10:37:08,760.6635071090047
2023-10-02 10:37:36,754.34439178515
2023-10-02 10:38:04,754.34439178515
2023-10-02 10:38:33,752.7646129541864
2023-10-02 10:39:01,750.3949447077409
2023-10-02 10:39:29,750.3949447077409
2023-10-02 10:39:57,750.3949447077409
2023-10-02 10:40:26,750.3949447077409
2023-10-02 10:40:54,750.3949447077409
2023-10-02 10:41:22,750.3949447077409
2023-10-02 10:41:50,750.3949447077409
2023-10-02 10:42:19,751.1848341232228
2023-10-02 10:42:47,753.5545023696683
2023-10-02 10:43:15,755.1342812006319
2023-10-02 10:43:43,756.7140600315955
2023-10-02 10:44:12,757.5039494470774
2023-10-02 10:44:40,759.0837282780411
2023-10-02 10:45:08,760.6635071090047
2023-10-02 10:45:36,760.6635071090047
2023-10-02 10:46:05,761.4533965244866
2023-10-02 10:46:33,762.2432859399684
2023-10-02 10:47:01,762.2432859399684
2023-10-02 10:47:29,762.2432859399684
2023-10-02 10:47:58,763.8230647709321
2023-10-02 10:48:26,763.8230647709321
2023-10-02 10:48:54,767.7725118483412
2023-10-02 10:49:22,769.3522906793049
2023-10-02 10:49:51,771.7219589257504
2023-10-02 10:50:19,771.7219589257504
2023-10-02 10:50:47,776.4612954186414
2023-10-02 10:51:15,777.2511848341233
2023-10-02 10:51:44,777.2511848341233
2023-10-02 10:52:12,778.041074249605
2023-10-02 10:52:40,778.041074249605
2023-10-02 10:53:09,778.041074249605
2023-10-02 10:53:37,777.2511848341233
2023-10-02 10:54:05,777.2511848341233
2023-10-02 10:54:33,777.2511848341233
2023-10-02 10:55:02,776.4612954186414
2023-10-02 10:55:30,775.6714060031595
2023-10-02 10:55:58,774.8815165876778
2023-10-02 10:56:26,774.8815165876778
2023-10-02 10:56:55,776.4612954186414
2023-10-02 10:57:23,776.4612954186414
2023-10-02 10:57:51,779.6208530805687
2023-10-02 10:58:19,780.4107424960506
2023-10-02 10:58:48,780.4107424960506
2023-10-02 10:59:16,781.2006319115324
2023-10-02 10:59:44,781.2006319115324
2023-10-02 11:00:12,781.2006319115324
2023-10-02 11:00:41,780.4107424960506
2023-10-02 11:01:09,779.6208530805687
2023-10-02 11:01:37,780.4107424960506
2023-10-02 11:02:05,786.7298578199052
2023-10-02 11:02:34,788.3096366508689
2023-10-02 11:03:02,792.259083728278
2023-10-02 11:03:30,800.1579778830964
2023-10-02 11:03:58,801.7377567140601
2023-10-02 11:04:27,802.5276461295418
2023-10-02 11:04:55,806.477093206951
2023-10-02 11:05:23,809.6366508688784
2023-10-02 11:05:51,810.4265402843602
2023-10-02 11:06:20,812.7962085308056
2023-10-02 11:06:48,813.5860979462875
2023-10-02 11:07:16,814.3759873617694
2023-10-02 11:07:44,814.3759873617694
2023-10-02 11:08:13,814.3759873617694
2023-10-02 11:08:41,814.3759873617694
2023-10-02 11:09:09,814.3759873617694
2023-10-02 11:09:37,814.3759873617694
2023-10-02 11:10:06,815.1658767772511
2023-10-02 11:10:34,816.7456556082149
2023-10-02 11:11:02,817.5355450236967
2023-10-02 11:11:30,820.695102685624
2023-10-02 11:11:59,822.2748815165877
2023-10-02 11:12:27,823.8546603475513
2023-10-02 11:12:55,823.8546603475513
2023-10-02 11:13:23,825.434439178515
2023-10-02 11:13:52,827.0142180094787
2023-10-02 11:14:20,828.5939968404423
2023-10-02 11:14:48,829.3838862559242
2023-10-02 11:15:17,830.173775671406
2023-10-02 11:15:45,830.9636650868879
2023-10-02 11:16:13,830.9636650868879
2023-10-02 11:16:41,832.5434439178515
2023-10-02 11:17:10,834.1232227488151
2023-10-02 11:17:38,834.913112164297
2023-10-02 11:18:06,835.7030015797789
2023-10-02 11:18:34,838.0726698262243
2023-10-02 11:19:03,841.2322274881517
2023-10-02 11:19:31,842.8120063191153
2023-10-02 11:19:59,845.1816745655608
2023-10-02 11:20:27,849.13112164297
2023-10-02 11:20:56,854.6603475513429
2023-10-02 11:21:24,855.4502369668246
2023-10-02 11:21:52,857.8199052132701
2023-10-02 11:22:20,862.5592417061612
2023-10-02 11:22:49,864.1390205371248
2023-10-02 11:23:17,864.1390205371248
2023-10-02 11:23:45,864.1390205371248
2023-10-02 11:24:13,864.1390205371248
2023-10-02 11:24:42,864.1390205371248
2023-10-02 11:25:10,860.1895734597157
2023-10-02 11:25:38,857.0300157977883
2023-10-02 11:26:06,853.870458135861
2023-10-02 11:26:35,853.0805687203791
2023-10-02 11:27:03,853.0805687203791
2023-10-02 11:27:31,853.0805687203791
2023-10-02 11:27:59,853.0805687203791
2023-10-02 11:28:28,852.2906793048974
2023-10-02 11:28:56,853.0805687203791
2023-10-02 11:29:24,857.0300157977883
2023-10-02 11:29:52,859.3996840442338
2023-10-02 11:30:21,865.7187993680884
2023-10-02 11:30:49,871.2480252764612
2023-10-02 11:31:17,874.4075829383886
2023-10-02 11:31:45,876.7772511848341
2023-10-02 11:32:14,879.9368088467614
2023-10-02 11:32:42,883.8862559241707
2023-10-02 11:33:10,884.6761453396524
2023-10-02 11:33:38,887.8357030015798
2023-10-02 11:34:07,888.6255924170616
2023-10-02 11:34:35,889.4154818325435
2023-10-02 11:35:03,889.4154818325435
2023-10-02 11:35:32,889.4154818325435
2023-10-02 11:36:00,887.8357030015798
2023-10-02 11:36:28,887.8357030015798
2023-10-02 11:36:56,887.8357030015798
2023-10-02 11:37:25,887.8357030015798
2023-10-02 11:37:53,888.6255924170616
2023-10-02 11:38:21,888.6255924170616
2023-10-02 11:38:49,889.4154818325435
2023-10-02 11:39:18,894.9447077409163
2023-10-02 11:39:46,896.52448657188
2023-10-02 11:40:14,900.473933649289
2023-10-02 11:40:42,901.2638230647709
2023-10-02 11:41:11,901.2638230647709
2023-10-02 11:41:39,899.6840442338073
2023-10-02 11:42:07,897.3143759873618
2023-10-02 11:42:35,894.9447077409163
2023-10-02 11:43:04,890.2053712480252
2023-10-02 11:43:32,886.2559241706161
2023-10-02 11:44:00,885.4660347551343
2023-10-02 11:44:28,885.4660347551343
2023-10-02 11:44:57,890.2053712480252
2023-10-02 11:45:25,892.5750394944707
2023-10-02 11:45:53,898.8941548183254
2023-10-02 11:46:21,904.4233807266983
2023-10-02 11:46:50,906.0031595576619
2023-10-02 11:47:18,906.0031595576619
2023-10-02 11:47:46,912.3222748815166
2023-10-02 11:48:14,912.3222748815166
2023-10-02 11:48:43,913.1121642969985
2023-10-02 11:49:11,913.9020537124802
2023-10-02 11:49:39,913.9020537124802
2023-10-02 11:50:07,913.9020537124802
2023-10-02 11:50:36,909.9526066350711
2023-10-02 11:51:04,906.0031595576619
2023-10-02 11:51:32,903.6334913112164
2023-10-02 11:52:00,898.1042654028436
2023-10-02 11:52:29,890.9952606635071
2023-10-02 11:52:57,890.2053712480252
2023-10-02 11:54:50,891.785150078989
2023-10-02 11:55:18,892.5750394944707
2023-10-02 11:55:46,894.1548183254345
2023-10-02 11:56:15,902.0537124802528
2023-10-02 11:56:43,906.0031595576619
2023-10-02 11:57:11,908.3728278041074
2023-10-02 11:57:40,916.2717219589257
2023-10-02 11:58:08,921.8009478672985
2023-10-02 11:58:36,932.0695102685625
2023-10-02 11:59:04,940.7582938388625
2023-10-02 11:59:33,942.3380726698263
2023-10-02 12:00:01,943.127962085308
2023-10-02 12:00:29,943.127962085308
2023-10-02 12:00:57,943.127962085308
2023-10-02 12:01:26,943.127962085308
2023-10-02 12:01:54,942.3380726698263
2023-10-02 12:02:22,923.3807266982623
2023-10-02 12:02:50,914.6919431279621
2023-10-02 12:03:19,910.742496050553
2023-10-02 12:03:47,908.3728278041074
2023-10-02 12:04:15,883.8862559241707
2023-10-02 12:04:43,883.0963665086888
2023-10-02 12:05:12,882.3064770932069
2023-10-02 12:05:40,882.3064770932069
2023-10-02 12:06:08,882.3064770932069
2023-10-02 12:06:36,882.3064770932069
2023-10-02 12:07:05,879.9368088467614
2023-10-02 12:07:33,879.9368088467614
2023-10-02 12:08:01,882.3064770932069
2023-10-02 12:08:29,882.3064770932069
2023-10-02 12:08:58,882.3064770932069
2023-10-02 12:09:26,883.0963665086888
2023-10-02 12:09:54,884.6761453396524
2023-10-02 12:10:22,885.4660347551343
2023-10-02 12:10:51,885.4660347551343
2023-10-02 12:11:19,886.2559241706161
2023-10-02 12:11:47,887.0458135860979
2023-10-02 12:12:15,890.2053712480252
2023-10-02 12:12:44,890.9952606635071
2023-10-02 12:13:12,890.2053712480252
2023-10-02 12:13:40,886.2559241706161
2023-10-02 12:14:08,883.0963665086888
2023-10-02 12:14:37,880.7266982622433
2023-10-02 12:15:05,878.3570300157978
2023-10-02 12:15:33,876.7772511848341
2023-10-02 12:16:01,876.7772511848341
2023-10-02 12:16:30,878.3570300157978
2023-10-02 12:16:58,881.5165876777252
2023-10-02 12:17:26,884.6761453396524
2023-10-02 12:17:54,885.4660347551343
2023-10-02 12:18:23,885.4660347551343
2023-10-02 12:18:51,885.4660347551343
2023-10-02 12:19:19,886.2559241706161
2023-10-02 12:19:48,887.8357030015798
2023-10-02 12:20:16,897.3143759873618
2023-10-02 12:20:44,898.1042654028436
2023-10-02 12:21:12,901.2638230647709
2023-10-02 12:21:41,914.6919431279621
2023-10-02 12:22:09,965.2448657187994
2023-10-02 12:22:37,965.2448657187994
2023-10-02 12:23:05,965.2448657187994
2023-10-02 12:24:58,974.7235387045814
2023-10-02 12:25:27,974.7235387045814
2023-10-02 12:25:55,981.8325434439179
2023-10-02 12:26:23,983.4123222748815
2023-10-02 12:26:51,993.6808846761453
2023-10-02 12:27:20,997.6303317535545
2023-10-02 12:27:48,1005.5292259083728
2023-10-02 12:28:16,1015.7977883096366
2023-10-02 12:28:44,1019.7472353870459
2023-10-02 12:29:13,1024.4865718799367
2023-10-02 12:29:41,1029.225908372828
2023-10-02 12:30:09,1031.5955766192733
2023-10-02 12:30:37,1035.5450236966824
2023-10-02 12:31:06,1040.2843601895734
2023-10-02 12:31:34,1044.2338072669827
2023-10-02 12:32:02,1046.603475513428
2023-10-02 12:32:30,1049.7630331753555
2023-10-02 12:32:59,1050.5529225908372
2023-10-02 12:33:27,1051.342812006319
2023-10-02 12:33:55,1051.342812006319
2023-10-02 12:34:23,1051.342812006319
2023-10-02 12:34:52,1051.342812006319
2023-10-02 12:35:20,1051.342812006319
2023-10-02 12:35:48,1051.342812006319
2023-10-02 12:36:16,1051.342812006319
2023-10-02 12:36:45,1051.342812006319
2023-10-02 12:37:13,1052.9225908372828
2023-10-02 12:37:41,1058.4518167456556
2023-10-02 12:38:09,1059.2417061611375
2023-10-02 12:38:38,1060.8214849921012
2023-10-02 12:39:06,1065.5608214849922
2023-10-02 12:39:34,1071.8799368088467
2023-10-02 12:40:02,1075.829383886256
2023-10-02 12:40:31,1083.7282780410742
2023-10-02 12:40:59,1088.4676145339652
2023-10-02 12:41:27,1089.257503949447
2023-10-02 12:41:56,1089.257503949447
2023-10-02 12:42:24,1091.6271721958926
2023-10-02 12:42:52,1092.4170616113745
2023-10-02 12:43:20,1092.4170616113745
2023-10-02 12:43:49,1092.4170616113745
2023-10-02 12:44:17,1093.996840442338
2023-10-02 12:44:45,1094.7867298578199
2023-10-02 12:45:13,1095.5766192733017
2023-10-02 12:45:42,1095.5766192733017
2023-10-02 12:46:10,1095.5766192733017
2023-10-02 12:46:38,1097.1563981042655
2023-10-02 12:47:06,1098.736176935229
2023-10-02 12:47:35,1099.5260663507108
2023-10-02 12:48:03,1101.1058451816746
2023-10-02 12:48:31,1102.6856240126383
2023-10-02 12:48:59,1103.4755134281202
2023-10-02 12:49:28,1104.2654028436018
2023-10-02 12:49:56,1108.2148499210111
2023-10-02 12:50:24,1109.004739336493
2023-10-02 12:50:52,1109.004739336493
2023-10-02 12:51:21,1111.3744075829384
2023-10-02 12:51:49,1112.1642969984202
2023-10-02 12:52:17,1113.744075829384
2023-10-02 12:52:45,1114.5339652448656
2023-10-02 12:53:14,1115.3238546603475
2023-10-02 12:53:42,1116.1137440758293
2023-10-02 12:54:10,1119.2733017377568
2023-10-02 12:54:38,1120.0631911532384
2023-10-02 12:55:07,1121.6429699842022
2023-10-02 12:55:35,1124.8025276461296
2023-10-02 12:56:03,1128.7519747235388
2023-10-02 12:56:31,1132.7014218009479
2023-10-02 12:57:00,1135.860979462875
2023-10-02 12:57:28,1139.8104265402844
2023-10-02 12:57:56,1142.1800947867298
2023-10-02 12:58:24,1145.3396524486573
2023-10-02 12:58:53,1147.7093206951026
2023-10-02 12:59:21,1150.0789889415482
2023-10-02 12:59:49,1150.0789889415482
2023-10-02 13:00:17,1150.86887835703
2023-10-02 13:00:46,1147.7093206951026
2023-10-02 13:01:14,1148.4992101105845
2023-10-02 13:01:42,1148.4992101105845
2023-10-02 13:02:11,1148.4992101105845
2023-10-02 13:02:39,1148.4992101105845
2023-10-02 13:03:07,1148.4992101105845
2023-10-02 13:03:35,1152.4486571879936
2023-10-02 13:04:04,1152.4486571879936
2023-10-02 13:04:32,1152.4486571879936
2023-10-02 13:05:00,1152.4486571879936
2023-10-02 13:05:28,1153.2385466034755
2023-10-02 13:05:57,1154.0284360189573
2023-10-02 13:06:25,1154.0284360189573
2023-10-02 13:06:53,1155.608214849921
2023-10-02 13:07:21,1155.608214849921
2023-10-02 13:07:50,1157.1879936808846
2023-10-02 13:08:18,1160.347551342812
2023-10-02 13:08:46,1161.137440758294
2023-10-02 13:09:14,1165.8767772511849
2023-10-02 13:09:43,1165.8767772511849
2023-10-02 13:10:11,1165.8767772511849
2023-10-02 13:10:39,1165.8767772511849
2023-10-02 13:11:07,1166.6666666666667
2023-10-02 13:11:36,1166.6666666666667
2023-10-02 13:12:04,1166.6666666666667
2023-10-02 13:12:32,1167.4565560821486
2023-10-02 13:13:00,1170.6161137440758
2023-10-02 13:13:29,1172.9857819905212
2023-10-02 13:13:57,1177.7251184834124
2023-10-02 13:14:25,1180.0947867298578
2023-10-02 13:14:53,1181.6745655608215
2023-10-02 13:15:22,1184.044233807267
2023-10-02 13:15:50,1185.6240126382306
2023-10-02 13:16:18,1187.9936808846762
2023-10-02 13:16:46,1189.5734597156397
2023-10-02 13:17:15,1191.1532385466035
2023-10-02 13:17:43,1191.1532385466035
2023-10-02 13:18:11,1191.1532385466035
2023-10-02 13:18:39,1191.1532385466035
2023-10-02 13:19:08,1191.1532385466035
2023-10-02 13:19:36,1191.1532385466035
2023-10-02 13:20:04,1190.3633491311216
2023-10-02 13:20:32,1189.5734597156397
2023-10-02 13:21:01,1188.783570300158
2023-10-02 13:21:29,1188.783570300158
2023-10-02 13:21:57,1188.783570300158
2023-10-02 13:22:25,1187.9936808846762
2023-10-02 13:22:54,1187.9936808846762
2023-10-02 13:23:22,1187.9936808846762
2023-10-02 13:23:50,1188.783570300158
2023-10-02 13:24:19,1189.5734597156397
2023-10-02 13:24:47,1191.1532385466035
2023-10-02 13:25:15,1191.9431279620853
2023-10-02 13:25:43,1191.9431279620853
2023-10-02 13:26:12,1193.522906793049
2023-10-02 13:26:40,1194.3127962085307
2023-10-02 13:27:08,1195.8925750394944
2023-10-02 13:27:36,1196.6824644549763
2023-10-02 13:28:05,1196.6824644549763
2023-10-02 13:28:33,1197.4723538704582
2023-10-02 13:29:01,1196.6824644549763
2023-10-02 13:29:29,1195.1026856240126
2023-10-02 13:29:58,1195.1026856240126
2023-10-02 13:30:26,1195.1026856240126
2023-10-02 13:30:54,1195.1026856240126
2023-10-02 13:31:22,1195.1026856240126
2023-10-02 13:31:51,1197.4723538704582
2023-10-02 13:32:19,1198.26224328594
2023-10-02 13:32:47,1198.26224328594
2023-10-02 13:33:15,1199.052132701422
2023-10-02 13:33:44,1199.052132701422
2023-10-02 13:34:12,1198.26224328594
2023-10-02 13:34:40,1196.6824644549763
2023-10-02 13:35:08,1195.8925750394944
2023-10-02 13:35:37,1195.1026856240126
2023-10-02 13:36:05,1195.1026856240126
2023-10-02 13:36:33,1195.1026856240126
2023-10-02 13:37:01,1194.3127962085307
2023-10-02 13:37:30,1193.522906793049
2023-10-02 13:37:58,1193.522906793049
2023-10-02 13:38:26,1193.522906793049
2023-10-02 13:38:54,1193.522906793049
2023-10-02 13:39:23,1194.3127962085307
2023-10-02 13:39:51,1195.1026856240126
2023-10-02 13:40:19,1195.1026856240126
2023-10-02 13:40:47,1195.8925750394944
2023-10-02 13:41:16,1196.6824644549763
2023-10-02 13:41:44,1198.26224328594
2023-10-02 13:42:12,1199.8420221169035
2023-10-02 13:42:40,1203.001579778831
2023-10-02 13:43:09,1203.7914691943129
2023-10-02 13:43:37,1206.95102685624
2023-10-02 13:44:05,1209.3206951026857
2023-10-02 13:44:33,1210.9004739336492
2023-10-02 13:45:02,1212.480252764613
2023-10-02 13:45:30,1214.0600315955767
2023-10-02 13:45:58,1214.8499210110585
2023-10-02 13:46:27,1217.219589257504
2023-10-02 13:46:55,1218.0094786729858
2023-10-02 13:47:23,1218.0094786729858
2023-10-02 13:47:51,1218.0094786729858
2023-10-02 13:48:20,1220.3791469194314
2023-10-02 13:48:48,1220.3791469194314
2023-10-02 13:49:16,1222.7488151658767
2023-10-02 13:49:44,1225.9083728278042
2023-10-02 13:50:13,1229.0679304897315
2023-10-02 13:50:41,1230.6477093206952
2023-10-02 13:51:09,1236.176935229068
2023-10-02 13:51:37,1236.176935229068
2023-10-02 13:52:06,1236.9668246445497
2023-10-02 13:52:34,1239.3364928909953
2023-10-02 13:53:02,1239.3364928909953
2023-10-02 13:53:30,1240.1263823064771
2023-10-02 13:53:59,1240.1263823064771
2023-10-02 13:54:27,1241.7061611374409
2023-10-02 13:54:55,1244.865718799368
2023-10-02 13:55:23,1245.65560821485
2023-10-02 13:55:52,1245.65560821485
2023-10-02 13:56:20,1248.8151658767772
2023-10-02 13:56:48,1248.8151658767772
2023-10-02 13:57:16,1248.8151658767772
2023-10-02 13:57:45,1248.8151658767772
2023-10-02 13:58:13,1249.605055292259
2023-10-02 13:58:41,1250.394944707741
2023-10-02 13:59:09,1251.9747235387047
2023-10-02 13:59:38,1251.9747235387047
2023-10-02 14:00:06,1254.34439178515
2023-10-02 14:00:34,1256.7140600315956
2023-10-02 14:01:02,1257.5039494470775
2023-10-02 14:01:31,1259.083728278041
2023-10-02 14:01:59,1260.6635071090047
2023-10-02 14:02:27,1261.4533965244866
2023-10-02 14:02:55,1262.2432859399685
2023-10-02 14:03:24,1263.823064770932
2023-10-02 14:03:52,1265.4028436018957
2023-10-02 14:04:20,1265.4028436018957
2023-10-02 14:04:48,1267.7725118483413
2023-10-02 14:05:17,1269.3522906793048
2023-10-02 14:05:45,1269.3522906793048
2023-10-02 14:06:13,1269.3522906793048
2023-10-02 14:06:41,1269.3522906793048
2023-10-02 14:07:10,1270.1421800947867
2023-10-02 14:07:38,1274.8815165876777
2023-10-02 14:08:06,1274.8815165876777
2023-10-02 14:08:35,1275.6714060031595
2023-10-02 14:09:03,1276.4612954186414
2023-10-02 14:09:31,1281.9905213270142
2023-10-02 14:09:59,1281.9905213270142
2023-10-02 14:10:28,1281.2006319115324
2023-10-02 14:10:56,1274.8815165876777
2023-10-02 14:11:24,1247.2353870458137
2023-10-02 14:11:52,1239.3364928909953
2023-10-02 14:12:21,1240.1263823064771
2023-10-02 14:12:49,1240.1263823064771
2023-10-02 14:13:17,1240.1263823064771
2023-10-02 14:13:45,1241.7061611374409
2023-10-02 14:14:14,1253.5545023696682
2023-10-02 14:14:42,1254.34439178515
2023-10-02 14:15:10,1255.134281200632
2023-10-02 14:15:38,1257.5039494470775
2023-10-02 14:16:07,1259.083728278041
2023-10-02 14:16:35,1259.083728278041
2023-10-02 14:21:17,1274.8815165876777
2023-10-02 14:21:46,1274.8815165876777
2023-10-02 14:22:14,1275.6714060031595
2023-10-02 14:22:42,1275.6714060031595
2023-10-02 14:23:10,1275.6714060031595
2023-10-02 14:23:39,1275.6714060031595
2023-10-02 14:24:07,1274.8815165876777
2023-10-02 14:24:35,1274.8815165876777
2023-10-02 14:25:03,1274.8815165876777
2023-10-02 14:25:32,1274.0916271721958
2023-10-02 14:26:00,1273.3017377567141
2023-10-02 14:26:28,1273.3017377567141
2023-10-02 14:26:56,1274.8815165876777
2023-10-02 14:27:25,1274.8815165876777
2023-10-02 14:27:53,1274.8815165876777
2023-10-02 14:28:21,1274.8815165876777
2023-10-02 14:28:50,1274.8815165876777
2023-10-02 14:29:18,1276.4612954186414
2023-10-02 14:29:46,1279.6208530805686
2023-10-02 14:30:14,1280.4107424960505
2023-10-02 14:30:43,1286.7298578199052
2023-10-02 14:31:11,1289.0995260663508
2023-10-02 14:31:39,1291.4691943127962
2023-10-02 14:32:07,1296.2085308056871
2023-10-02 14:32:36,1297.7883096366509
2023-10-02 14:33:04,1298.5781990521327
2023-10-02 14:33:32,1300.1579778830965
2023-10-02 14:34:00,1300.947867298578
2023-10-02 14:34:29,1300.947867298578
2023-10-02 14:34:57,1301.73775671406
2023-10-02 14:35:25,1304.8973143759874
2023-10-02 14:35:53,1307.2669826224328
2023-10-02 14:36:22,1307.2669826224328
2023-10-02 14:36:50,1308.8467614533965
2023-10-02 14:37:18,1309.6366508688784
2023-10-02 14:37:46,1311.216429699842
2023-10-02 14:38:15,1311.216429699842
2023-10-02 14:38:43,1311.216429699842
2023-10-02 14:39:11,1313.5860979462875
2023-10-02 14:39:39,1315.955766192733
2023-10-02 14:40:08,1316.7456556082147
2023-10-02 14:40:36,1319.1153238546603
2023-10-02 14:41:04,1319.9052132701422
2023-10-02 14:41:32,1320.695102685624
2023-10-02 14:42:01,1321.484992101106
2023-10-02 14:42:29,1323.0647709320695
2023-10-02 14:42:57,1324.6445497630332
2023-10-02 14:43:25,1324.6445497630332
2023-10-02 14:43:54,1324.6445497630332
2023-10-02 14:44:22,1324.6445497630332
2023-10-02 14:44:50,1324.6445497630332
2023-10-02 14:45:18,1324.6445497630332
2023-10-02 14:45:47,1324.6445497630332
2023-10-02 14:46:15,1324.6445497630332
2023-10-02 14:46:43,1324.6445497630332
2023-10-02 14:47:11,1323.0647709320695
2023-10-02 14:47:40,1323.0647709320695
2023-10-02 14:48:08,1323.0647709320695
2023-10-02 14:48:36,1323.0647709320695
2023-10-02 14:49:04,1323.0647709320695
2023-10-02 14:49:33,1327.8041074249604
2023-10-02 14:50:01,1328.5939968404423
2023-10-02 14:50:29,1340.4423380726698
2023-10-02 14:50:58,1343.601895734597
2023-10-02 14:51:26,1347.5513428120064
2023-10-02 14:51:54,1355.4502369668246
2023-10-02 14:52:22,1368.088467614534
2023-10-02 14:52:51,1371.2480252764612
2023-10-02 14:53:19,1372.0379146919431
2023-10-02 14:53:47,1371.2480252764612
2023-10-02 14:54:15,1370.4581358609794
2023-10-02 14:54:44,1370.4581358609794
2023-10-02 14:55:12,1371.2480252764612
2023-10-02 14:55:40,1373.6176935229068
2023-10-02 14:56:08,1375.9873617693522
2023-10-02 14:56:37,1376.777251184834
2023-10-02 14:57:05,1380.7266982622432
2023-10-02 14:57:33,1388.6255924170616
2023-10-02 14:58:01,1389.4154818325435
2023-10-02 14:58:30,1392.5750394944707
2023-10-02 14:58:58,1398.8941548183254
2023-10-02 14:59:26,1401.263823064771
2023-10-02 14:59:54,1403.6334913112164
2023-10-02 15:00:23,1408.3728278041074
2023-10-02 15:00:51,1409.952606635071
2023-10-02 15:01:19,1411.5323854660348
2023-10-02 15:01:47,1413.9020537124802
2023-10-02 15:02:16,1417.8515007898893
2023-10-02 15:02:44,1423.3807266982622
2023-10-02 15:03:12,1426.5402843601896
2023-10-02 15:03:40,1435.2290679304897
2023-10-02 15:04:09,1436.8088467614534
2023-10-02 15:04:37,1439.1785150078988
2023-10-02 15:05:05,1443.91785150079
2023-10-02 15:05:33,1445.4976303317535
2023-10-02 15:06:02,1447.0774091627172
2023-10-02 15:06:30,1450.2369668246445
2023-10-02 15:06:58,1454.1864139020538
2023-10-02 15:07:26,1456.5560821484992
2023-10-02 15:07:55,1459.7156398104266
2023-10-02 15:08:23,1464.4549763033176
2023-10-02 15:08:51,1465.2448657187995
2023-10-02 15:09:19,1471.563981042654
2023-10-02 15:09:48,1473.1437598736177
2023-10-02 15:10:16,1477.0932069510268
2023-10-02 15:10:44,1479.4628751974724
2023-10-02 15:11:12,1485.781990521327
2023-10-02 15:11:41,1491.3112164297
2023-10-02 15:12:09,1494.4707740916272
2023-10-02 15:12:37,1498.4202211690363
2023-10-02 15:13:06,1503.949447077409
2023-10-02 15:13:34,1510.2685624012638
2023-10-02 15:14:02,1515.7977883096366
2023-10-02 15:14:30,1522.1169036334913
2023-10-02 15:14:59,1525.2764612954186
2023-10-02 15:15:27,1530.8056872037914
2023-10-02 15:15:55,1541.0742496050552
2023-10-02 15:16:23,1542.654028436019
2023-10-02 15:16:52,1548.1832543443918
2023-10-02 15:17:20,1554.5023696682465
2023-10-02 15:17:48,1559.2417061611375
2023-10-02 15:18:16,1566.350710900474
2023-10-02 15:18:45,1573.4597156398104
2023-10-02 15:19:13,1575.829383886256
2023-10-02 15:19:41,1580.568720379147
2023-10-02 15:20:09,1590.047393364929
2023-10-02 15:20:38,1595.5766192733017
2023-10-02 15:21:06,1601.1058451816746
2023-10-02 15:21:34,1601.8957345971564
2023-10-02 15:22:02,1605.8451816745655
2023-10-02 15:22:31,1606.6350710900474
2023-10-02 15:22:59,1607.4249605055293
2023-10-02 15:23:27,1607.4249605055293
2023-10-02 15:23:55,1607.4249605055293
2023-10-02 15:24:24,1608.2148499210111
2023-10-02 15:24:52,1609.004739336493
2023-10-02 15:25:20,1609.7946287519746
2023-10-02 15:25:48,1610.5845181674565
2023-10-02 15:26:17,1612.1642969984202
2023-10-02 15:26:45,1614.5339652448656
2023-10-02 15:27:13,1616.1137440758293
2023-10-02 15:27:41,1620.0631911532384
2023-10-02 15:28:10,1625.5924170616113
2023-10-02 15:28:38,1627.172195892575
2023-10-02 15:29:06,1631.1216429699841
2023-10-02 15:29:34,1634.2812006319116
2023-10-02 15:30:03,1642.1800947867298
2023-10-02 15:30:31,1645.3396524486573
2023-10-02 15:30:59,1648.4992101105845
2023-10-02 15:31:27,1653.2385466034755
2023-10-02 15:31:56,1657.1879936808846
2023-10-02 15:32:24,1664.2969984202211
2023-10-02 15:32:52,1667.4565560821486
2023-10-02 15:33:20,1675.3554502369668
2023-10-02 15:33:49,1679.304897314376
2023-10-02 15:34:17,1687.2037914691944
2023-10-02 15:34:45,1691.9431279620853
2023-10-02 15:35:14,1701.4218009478673
2023-10-02 15:35:42,1709.3206951026857
2023-10-02 15:36:10,1711.690363349131
2023-10-02 15:36:38,1714.8499210110585
2023-10-02 15:37:07,1721.9589257503949
2023-10-02 15:37:35,1723.5387045813586
2023-10-02 15:38:03,1725.9083728278042
2023-10-02 15:38:31,1728.2780410742496
2023-10-02 15:39:00,1735.3870458135862
2023-10-02 15:39:28,1737.7567140600315
2023-10-02 15:39:56,1743.2859399684044
2023-10-02 15:40:24,1749.605055292259
2023-10-02 15:40:53,1754.34439178515
2023-10-02 15:41:21,1755.9241706161138
2023-10-02 15:41:49,1759.083728278041
2023-10-02 15:42:17,1770.1421800947867
2023-10-02 15:42:46,1770.1421800947867
2023-10-02 15:43:14,1774.0916271721958
2023-10-02 15:43:42,1774.0916271721958
2023-10-02 15:44:10,1785.9399684044233
2023-10-02 15:44:39,1790.6793048973143
2023-10-02 15:45:07,1794.6287519747236
2023-10-02 15:45:35,1796.2085308056871
2023-10-02 15:46:03,1797.7883096366509
2023-10-02 15:46:32,1800.1579778830965
2023-10-02 15:47:00,1800.1579778830965
2023-10-02 15:47:28,1800.1579778830965
2023-10-02 15:47:56,1800.1579778830965
2023-10-02 15:48:25,1800.1579778830965
2023-10-02 15:48:53,1800.1579778830965
2023-10-02 15:49:21,1800.1579778830965
2023-10-02 15:49:49,1802.5276461295418
2023-10-02 15:50:18,1804.8973143759874
2023-10-02 15:50:46,1806.477093206951
2023-10-02 15:51:14,1808.0568720379147
2023-10-02 15:51:42,1809.6366508688784
2023-10-02 15:52:11,1810.4265402843603
2023-10-02 15:52:39,1812.0063191153238
2023-10-02 15:53:07,1813.5860979462875
2023-10-02 15:53:35,1816.7456556082147
2023-10-02 15:54:04,1817.5355450236966
2023-10-02 15:54:32,1823.8546603475513
2023-10-02 15:55:00,1827.0142180094788
2023-10-02 15:55:29,1834.1232227488151
2023-10-02 15:55:57,1839.652448657188
2023-10-02 15:56:25,1844.391785150079
2023-10-02 15:56:53,1851.5007898894155
2023-10-02 15:57:22,1854.6603475513427
2023-10-02 15:57:50,1856.2401263823065
2023-10-02 15:58:18,1860.1895734597156
2023-10-02 15:58:46,1862.5592417061612
2023-10-02 15:59:15,1864.139020537125
2023-10-02 15:59:43,1869.6682464454977
2023-10-02 16:00:11,1872.0379146919431
2023-10-02 16:00:39,1875.1974723538704
2023-10-02 16:01:08,1885.4660347551344
2023-10-02 16:01:36,1887.045813586098
2023-10-02 16:02:04,1888.6255924170616
2023-10-02 16:02:32,1890.2053712480254
2023-10-02 16:03:01,1899.6840442338073
2023-10-02 16:03:29,1905.2132701421801
2023-10-02 16:03:57,1905.2132701421801
2023-10-02 16:04:25,1905.2132701421801
2023-10-02 16:04:54,1910.742496050553
2023-10-02 16:05:22,1911.5323854660348
2023-10-02 16:05:50,1912.3222748815165
2023-10-02 16:06:18,1913.9020537124802
2023-10-02 16:06:47,1914.691943127962
2023-10-02 16:07:15,1915.481832543444
2023-10-02 16:07:43,1920.221169036335
2023-10-02 16:08:11,1928.1200631911533
2023-10-02 16:08:40,1943.1279620853081
2023-10-02 16:09:08,1950.2369668246445
2023-10-02 16:09:36,1959.7156398104266
2023-10-02 16:10:04,1960.5055292259083
2023-10-02 16:10:33,1960.5055292259083
2023-10-02 16:11:01,1959.7156398104266
2023-10-02 16:11:29,1954.1864139020538
2023-10-02 16:11:57,1947.0774091627172
2023-10-02 16:12:26,1858.609794628752
2023-10-02 16:12:54,1851.5007898894155